{"initial":[1.0,1.0,0.0,0.0,0.0,1.0,0.0,0.0,1.0,0.0,1.0],"finitial":1.645722333410575e6,"ftol_rel":1.0e-12,"ftol_abs":1.0e-8,"xtol_rel":0.0,"xtol_abs":[1.0e-10,1.0e-10,1.0e-10,1.0e-10,1.0e-10,1.0e-10,1.0e-10,1.0e-10,1.0e-10,1.0e-10,1.0e-10],"initial_step":[0.75,0.75,1.0,1.0,1.0,0.75,1.0,1.0,0.75,1.0,0.75],"maxfeval":-1,"maxtime":-1.0,"feval":1187,"final":[0.37650042138741263,0.6974646746152388,0.007775096248509729,0.008220905200576013,0.001497614135329893,0.08530493791239521,-0.004727346526777419,-0.001990998974468715,0.034574369839421144,0.004256335239947717,0.011939803327913338],"fmin":1.5595801184423524e6,"optimizer":"LN_BOBYQA","returnvalue":"FTOL_REACHED","nAGQ":1,"REML":false,"sigma":null,"fitlog":[[[1.0,1.0,0.0,0.0,0.0,1.0,0.0,0.0,1.0,0.0,1.0],1.645722333410575e6]]}