{"initial":[1.0,1.0],"finitial":2.6445865867863283e6,"ftol_rel":1.0e-12,"ftol_abs":1.0e-8,"xtol_rel":0.0,"xtol_abs":[1.0e-10,1.0e-10],"initial_step":[0.75,0.75],"maxfeval":-1,"maxtime":-1.0,"feval":53,"final":[0.31334125077892594,0.6744720749973222],"fmin":2.547456524730126e6,"optimizer":"LN_BOBYQA","returnvalue":"FTOL_REACHED","xtol_zero_abs":0.001,"ftol_zero_abs":1.0e-5,"fitlog":[[[1.0,1.0],2.6445865867863283e6]],"nAGQ":1,"REML":false,"sigma":null}