{"initial":[1.0,1.0],"finitial":2.569667101681937e6,"ftol_rel":1.0e-12,"ftol_abs":1.0e-8,"xtol_rel":0.0,"xtol_abs":[1.0e-10,1.0e-10],"initial_step":[0.75,0.75],"maxfeval":-1,"maxtime":-1.0,"feval":65,"final":[0.3145069727380366,0.6748000935090792],"fmin":2.473355341102923e6,"optimizer":"LN_BOBYQA","returnvalue":"FTOL_REACHED","nAGQ":1,"REML":false,"sigma":null,"fitlog":[[[1.0,1.0],2.569667101681937e6]]}