{"initial":[1.0,1.0],"finitial":2.6445865867861523e6,"ftol_rel":1.0e-12,"ftol_abs":1.0e-8,"xtol_rel":0.0,"xtol_abs":[1.0e-10,1.0e-10],"initial_step":[0.75,0.75],"maxfeval":-1,"maxtime":-1.0,"feval":53,"final":[0.313341250516778,0.6744721248575472],"fmin":2.54745652473014e6,"optimizer":"LN_BOBYQA","returnvalue":"FTOL_REACHED","nAGQ":1,"REML":false,"sigma":null,"fitlog":[[[1.0,1.0],2.6445865867861523e6]]}