{"initial":[1.0,1.0],"finitial":2.6445865867857975e6,"ftol_rel":1.0e-12,"ftol_abs":1.0e-8,"xtol_rel":0.0,"xtol_abs":[1.0e-10,1.0e-10],"initial_step":[0.75,0.75],"maxfeval":-1,"maxtime":-1.0,"feval":53,"final":[0.3133412518790934,0.6744720195150588],"fmin":2.5474565247298465e6,"optimizer":"LN_BOBYQA","returnvalue":"FTOL_REACHED","xtol_zero_abs":0.001,"ftol_zero_abs":1.0e-5,"fitlog":[[[1.0,1.0],2.6445865867857975e6]],"nAGQ":1,"REML":false,"sigma":null}