{"initial":[1.0,1.0],"finitial":2.644586586785435e6,"ftol_rel":1.0e-12,"ftol_abs":1.0e-8,"xtol_rel":0.0,"xtol_abs":[1.0e-10,1.0e-10],"initial_step":[0.75,0.75],"maxfeval":-1,"maxtime":-1.0,"feval":53,"final":[0.3133412498423746,0.6744720398334297],"fmin":2.5474565247294703e6,"optimizer":"LN_BOBYQA","returnvalue":"FTOL_REACHED","nAGQ":1,"REML":false,"sigma":null,"fitlog":[[[1.0,1.0],2.644586586785435e6]]}