{"initial":[1.0,1.0],"finitial":1.5785507645839578e6,"ftol_rel":1.0e-12,"ftol_abs":1.0e-8,"xtol_rel":0.0,"xtol_abs":[1.0e-10,1.0e-10],"initial_step":[0.75,0.75],"maxfeval":-1,"maxtime":-1.0,"feval":63,"final":[0.5671665350733421,0.7126303626535685],"fmin":1.5463237587645499e6,"optimizer":"LN_BOBYQA","returnvalue":"FTOL_REACHED","nAGQ":1,"REML":false,"sigma":null,"fitlog":[[[1.0,1.0],1.5785507645839578e6]]}