{"initial":[1.0,0.0,1.0,1.0,0.0,0.0,1.0,0.0,1.0],"finitial":1.6896855410798152e6,"ftol_rel":1.0e-12,"ftol_abs":1.0e-8,"xtol_rel":0.0,"xtol_abs":[1.0e-10,1.0e-10,1.0e-10,1.0e-10,1.0e-10,1.0e-10,1.0e-10,1.0e-10,1.0e-10],"initial_step":[0.75,1.0,0.75,0.75,1.0,1.0,0.75,1.0,0.75],"maxfeval":-1,"maxtime":-1.0,"feval":1119,"final":[0.2796899071132472,0.1352179393557488,0.21228628313815956,0.6968423302515178,0.007871847263109789,0.00819578731613087,0.08521758805277158,-0.004735559423311811,0.03455269876907324],"fmin":1.5524377043980593e6,"optimizer":"LN_BOBYQA","returnvalue":"FTOL_REACHED","nAGQ":1,"REML":false,"sigma":null,"fitlog":[[[1.0,0.0,1.0,1.0,0.0,0.0,1.0,0.0,1.0],1.6896855410798152e6]]}