{"initial":[1.0,0.0,1.0,1.0,0.0,0.0,0.0,1.0,0.0,0.0,1.0,0.0,1.0],"finitial":1.693356407707555e6,"ftol_rel":1.0e-12,"ftol_abs":1.0e-8,"xtol_rel":0.0,"xtol_abs":[1.0e-10,1.0e-10,1.0e-10,1.0e-10,1.0e-10,1.0e-10,1.0e-10,1.0e-10,1.0e-10,1.0e-10,1.0e-10,1.0e-10,1.0e-10],"initial_step":[0.75,1.0,0.75,0.75,1.0,1.0,1.0,0.75,1.0,1.0,0.75,1.0,0.75],"maxfeval":-1,"maxtime":-1.0,"feval":1912,"final":[0.27987284949902486,0.13528907080100086,0.21238932600401203,0.6969846667064475,0.00784527921556384,0.008206300358687165,0.0015027799070993916,0.08526906997307228,-0.004730703744556801,-0.00198561021087793,0.034589263400385775,0.0042565693945798445,0.0119485744092418],"fmin":1.5511330194599591e6,"optimizer":"LN_BOBYQA","returnvalue":"FTOL_REACHED","nAGQ":1,"REML":false,"sigma":null,"fitlog":[[[1.0,0.0,1.0,1.0,0.0,0.0,0.0,1.0,0.0,0.0,1.0,0.0,1.0],1.693356407707555e6]]}