{"initial":[0.5,0.5],"finitial":6.771267578493662e7,"ftol_rel":1.0e-12,"ftol_abs":1.0e-8,"xtol_rel":0.0,"xtol_abs":[1.0e-10,1.0e-10],"initial_step":[0.1,0.1],"maxfeval":-1,"maxtime":-1.0,"feval":37,"final":[0.5017637163689865,0.567917958312714],"fmin":6.771177689796366e7,"optimizer":"LN_BOBYQA","returnvalue":"FTOL_REACHED","nAGQ":1,"REML":false,"sigma":null,"fitlog":[[[0.5,0.5],6.771267578493662e7],[[0.6,0.5],6.772151216896085e7],[[0.5,0.6],6.771193865258387e7],[[0.4,0.5],6.77298847686615e7],[[0.5,0.4],6.771905603039894e7],[[0.5160731070900905,0.5630625124544438],6.771201580083328e7],[[0.5,0.62],6.771217941070054e7],[[0.5077572103381226,0.5856273470779891],6.771186839165765e7],[[0.49992806407583856,0.5794060555076025],6.771180220385042e7],[[0.4920945607975446,0.5856218600724966],6.771194214155404e7],[[0.5025370157187441,0.5699001559031351],6.771177825060967e7],[[0.5024826851566748,0.5690024592234226],6.771177770516399e7],[[0.5024666302514568,0.567222674704546],6.77117775679529e7],[[0.5024672118876169,0.5678399137542474],6.771177748899388e7],[[0.5015236856543641,0.5681712115767031],6.771177697797425e7],[[0.5011873879860868,0.5672294558343202],6.771177737280883e7],[[0.5005801594211113,0.5685025093991588],6.771177863841416e7],[[0.5017773937322565,0.5677554057020091],6.771177690246743e7],[[0.5017812554525957,0.5676928551615166],6.771177690658312e7],[[0.5018622307316799,0.5677024653248964],6.771177691711256e7],[[0.5017668215723124,0.5678548452788089],6.771177689860418e7],[[0.5017664969903335,0.5679517664385069],6.77117768981761e7],[[0.5016757944400366,0.5679938740075371],6.771177690828745e7],[[0.5017637410766776,0.5679179621245376],6.771177689796454e7],[[0.5017736800923068,0.5679168594150007],6.77117768980759e7],[[0.5017595842878728,0.5679270572389861],6.771177689800617e7],[[0.5017711256394405,0.5679247051381667],6.771177689803575e7],[[0.5017639416271295,0.5679163342215784],6.77117768979652e7],[[0.5017647349782406,0.5679178518535839],6.771177689796579e7],[[0.5017636976214674,0.5679178976519087],6.77117768979653e7],[[0.5017638161119423,0.5679178960207626],6.771177689796612e7],[[0.5017637024633279,0.5679180543688286],6.771177689796512e7],[[0.5017636416865213,0.567917973151633],6.771177689796537e7],[[0.501763813354469,0.5679180312325754],6.771177689796805e7],[[0.5017637212461669,0.5679179162251821],6.771177689796591e7],[[0.5017637483044568,0.5679179690353414],6.771177689796722e7],[[0.5017637163689865,0.567917958312714],6.771177689796366e7]]}