{"initial":[0.5,0.5],"finitial":8.549281473032388e7,"ftol_rel":1.0e-12,"ftol_abs":1.0e-8,"xtol_rel":0.0,"xtol_abs":[1.0e-10,1.0e-10],"initial_step":[0.375,0.375],"maxfeval":-1,"maxtime":-1.0,"feval":37,"final":[0.5422001863438002,0.5537354658204914],"fmin":8.548910369228047e7,"optimizer":"LN_BOBYQA","returnvalue":"FTOL_REACHED","xtol_zero_abs":0.001,"ftol_zero_abs":1.0e-5,"fitlog":[[[0.5,0.5],8.549281473032388e7],[[0.875,0.5],8.557343981427765e7],[[0.5,0.875],8.550348617020641e7],[[0.125,0.5],8.693567607368937e7],[[0.5,0.125],8.573635814332728e7],[[0.6676544628553969,0.671758237036429],8.550904005939631e7],[[0.665924421448393,0.41267682800644456],8.551265170704736e7],[[0.5844742748473164,0.5406590628153188],8.549158461460936e7],[[0.621828308704169,0.5439645362490514],8.549705371239147e7],[[0.5788771729899929,0.5035791160678011],8.549157235014102e7],[[0.5626104629365662,0.46979089113606276],8.549154754771009e7],[[0.5590132916616112,0.4324638184030096],8.549379538272557e7],[[0.5553535705219437,0.48707961614638645],8.549046463081674e7],[[0.5490059864551972,0.5047224808943684],8.548974295229498e7],[[0.5382735504960353,0.5200970481527497],8.548938405817594e7],[[0.5241157223202426,0.5323900706185525],8.548972368811628e7],[[0.5421545377824103,0.5221349147045494],8.548932957308015e7],[[0.5443420049255714,0.5229348129955326],8.548932507672587e7],[[0.5476728427523475,0.5246576070551107],8.548933930930997e7],[[0.5442489736112954,0.5232980899898001],8.54893192575424e7],[[0.5440931587243689,0.5236391863413081],8.548931347320916e7],[[0.5437780619640968,0.5243197846308051],8.548930231130831e7],[[0.5431338353458343,0.5256743960379332],8.548928165350723e7],[[0.5417881893756725,0.5283556712798634],8.548924733366723e7],[[0.5388561916848335,0.5335904959704251],8.548920973843388e7],[[0.5400264849689751,0.539475257106537],8.548915484677145e7],[[0.5408890441409603,0.5479513637335276],8.548911340389018e7],[[0.5411852054787457,0.5500799585283187],8.548910808583732e7],[[0.543180248636467,0.552759787908613],8.54891053549449e7],[[0.5422509754669069,0.5533537143250887],8.548910372892502e7],[[0.5426048178218487,0.5534778939846521],8.548910395561594e7],[[0.5421559182702018,0.5537164664847716],8.548910369556643e7],[[0.5422120556512354,0.5539301721150472],8.54891036991715e7],[[0.5422070658598999,0.5537466146852934],8.54891036922906e7],[[0.5421958196143037,0.5537638909290149],8.548910369231965e7],[[0.5422381390560375,0.5537256216749853],8.548910369444703e7],[[0.5422001863438002,0.5537354658204914],8.548910369228047e7]],"nAGQ":1,"REML":false,"sigma":null}