{"initial":[0.5,0.5],"finitial":8.22687587150544e7,"ftol_rel":1.0e-12,"ftol_abs":1.0e-8,"xtol_rel":0.0,"xtol_abs":[1.0e-10,1.0e-10],"initial_step":[0.375,0.375],"maxfeval":-1,"maxtime":-1.0,"feval":29,"final":[0.5154327517086783,0.5587450027768861],"fmin":8.226760562635934e7,"optimizer":"LN_BOBYQA","returnvalue":"FTOL_REACHED","xtol_zero_abs":0.001,"ftol_zero_abs":1.0e-5,"fitlog":[[[0.5,0.5],8.22687587150544e7],[[0.875,0.5],8.234537398852852e7],[[0.5,0.875],8.227886928523274e7],[[0.125,0.5],8.353284374794084e7],[[0.5,0.125],8.251698301535335e7],[[0.6660703580311775,0.672823453199043],8.229025591616793e7],[[0.6682318251328877,0.4172092818459855],8.229485542981055e7],[[0.5816867815845688,0.5460036108838746],8.227254903741561e7],[[0.5309874273021651,0.4788805930672039],8.22695316608391e7],[[0.512091220081109,0.5143305581520814],8.226807290908237e7],[[0.5123822338731945,0.5237010403153863],8.226789290600517e7],[[0.5193123493151118,0.5300148446330462],8.226780796730638e7],[[0.5180392878484481,0.5393030058882191],8.226769625312547e7],[[0.5240601760590473,0.5464890708862181],8.226773518704566e7],[[0.5143098977003039,0.538910387596586],8.226769202996798e7],[[0.5157769836850514,0.5408208786889458],8.226767472255555e7],[[0.5149531437350502,0.5444792646358877],8.226764916678889e7],[[0.5134167341719347,0.5518202077397653],8.226762106734118e7],[[0.5129035417029427,0.5541654406635176],8.22676185795294e7],[[0.5128232976529288,0.5548153172066932],8.226761799101023e7],[[0.5140528594385334,0.5552661967151108],8.226761067741537e7],[[0.5153905142847848,0.5575181153582285],8.22676059385808e7],[[0.5154822214967372,0.5584425220114017],8.226760564860135e7],[[0.5154417503116426,0.5587024499844432],8.226760562686138e7],[[0.515069462226027,0.5586574324177759],8.226760580467437e7],[[0.5152255407138215,0.5590088458228778],8.226760569818413e7],[[0.5154346698849765,0.5587407013603144],8.226760562637264e7],[[0.5154554405679351,0.5587719236076619],8.226760562721652e7],[[0.5154327517086783,0.5587450027768861],8.226760562635934e7]],"nAGQ":1,"REML":false,"sigma":null}