{"initial":[0.5,0.5],"finitial":7.671333210328472e7,"final":[0.5065674543476741,0.5617518287142658],"fmin":7.671237991605179e7,"feval":38,"returnvalue":"FTOL_REACHED","xtol_zero_abs":0.001,"ftol_zero_abs":1.0e-5,"maxfeval":-1,"optimizer":"LN_BOBYQA","backend":"nlopt","ftol_rel":1.0e-12,"ftol_abs":1.0e-8,"xtol_rel":0.0,"xtol_abs":[1.0e-10,1.0e-10],"initial_step":[0.1,0.1],"maxtime":-1.0,"rhobeg":1.0,"rhoend":1.0e-6,"fitlog":[[[0.5,0.5],7.671333210328472e7],[[0.6,0.5],7.672026972536275e7],[[0.5,0.6],7.671269842884015e7],[[0.4,0.5],7.673030636025125e7],[[0.5,0.4],7.672076972105592e7],[[0.5209867130680017,0.5593133410163827],7.671258839138147e7],[[0.5131970509974417,0.5681410153501831],7.671243279931638e7],[[0.5145268828208492,0.5627700975922435],7.671244446348625e7],[[0.504629569725851,0.5629836648035417],7.671238416668496e7],[[0.4962850520574447,0.5684944746243986],7.6712502904261e7],[[0.5068402503207731,0.5633645031637228],7.671238051787852e7],[[0.5065679123442965,0.5609367942485064],7.671238005195281e7],[[0.5065855690435258,0.5617645282916185],7.671237991639428e7],[[0.5066847768619822,0.561777090487172],7.67123799303146e7],[[0.506500703698784,0.5618174232182357],7.671237992164423e7],[[0.506601288965559,0.5618632849827906],7.671237991964614e7],[[0.5065674541565456,0.5617518287254084],7.671237991605312e7],[[0.5065674597782425,0.5617418287269886],7.67123799160823e7],[[0.5065772301071582,0.561753933669498],7.67123799161395e7],[[0.5065703589626565,0.5617613975341879],7.671237991607225e7],[[0.5065680088852077,0.5617533625406135],7.671237991605338e7],[[0.5065662908031272,0.5617529719322121],7.671237991605644e7],[[0.5065681180314613,0.5617518018498617],7.671237991605508e7],[[0.5065670480616806,0.5617515370287155],7.671237991605648e7],[[0.5065673378212038,0.5617519430460888],7.671237991605535e7],[[0.5065675560181866,0.561751600418146],7.671237991605464e7],[[0.5065674881671414,0.5617519227641206],7.67123799160545e7],[[0.5065673613643656,0.5617517914479173],7.671237991605565e7],[[0.5065675012706855,0.5617518119845057],7.67123799160537e7],[[0.5065674643427097,0.5617518058946822],7.671237991605361e7],[[0.5065674412129646,0.5617518501138097],7.671237991605444e7],[[0.5065674448773276,0.5617518249976593],7.671237991605452e7],[[0.5065674628270266,0.5617518337076528],7.67123799160563e7],[[0.5065674542150638,0.5617518237257508],7.671237991605514e7],[[0.5065674528621875,0.5617518308642485],7.671237991605364e7],[[0.5065674525480423,0.5617518282977573],7.671237991605383e7],[[0.5065674551384708,0.5617518289146777],7.671237991605325e7],[[0.5065674543476741,0.5617518287142658],7.671237991605179e7]],"nAGQ":1,"REML":false,"sigma":null}