{"initial":[0.5,0.5],"finitial":5.9945089792147405e7,"ftol_rel":1.0e-12,"ftol_abs":1.0e-8,"xtol_rel":0.0,"xtol_abs":[1.0e-10,1.0e-10],"initial_step":[0.1,0.1],"maxfeval":-1,"maxtime":-1.0,"feval":27,"final":[0.4957442449390305,0.564963502080529],"fmin":5.994429696486797e7,"optimizer":"LN_BOBYQA","returnvalue":"FTOL_REACHED","nAGQ":1,"REML":false,"sigma":null,"fitlog":[[[0.5,0.5],5.9945089792147405e7],[[0.6,0.5],5.995206885147691e7],[[0.5,0.6],5.994448737697865e7],[[0.4,0.5],5.995611275257988e7],[[0.5,0.4],5.995109360446086e7],[[0.5112317983105311,0.5611529508498765],5.9944497434448674e7],[[0.5,0.62],5.99447248443833e7],[[0.5082529159606052,0.5833656694276513],5.9944477124626316e7],[[0.5003300089591445,0.5772642315113724],5.994433760122196e7],[[0.4924266259314801,0.583390938352574],5.994435717648465e7],[[0.497422296109035,0.5734087953124619],5.994431021190326e7],[[0.4972936517410792,0.5693585972906692],5.9944301988003895e7],[[0.49666062363718994,0.5612788764430006],5.994429982646385e7],[[0.49684494128633483,0.5643214506596216],5.994429807695975e7],[[0.4968181987385757,0.5637141377699969],5.9944298207331516e7],[[0.49586834515090455,0.5645365320122828],5.99442970066512e7],[[0.49569497619757275,0.5651606911545056],5.9944296973051086e7],[[0.4955185080514974,0.5661449975059129],5.9944297226045854e7],[[0.49472667230719314,0.5654104662050525],5.994429789646266e7],[[0.4957444365014093,0.5649661944066761],5.99442969648681e7],[[0.4958405163800791,0.5649939190692491],5.994429697308231e7],[[0.49572561318507624,0.5650644068435781],5.994429696676929e7],[[0.49565278773067056,0.5650062006914583],5.994429697237719e7],[[0.4957459132770709,0.5649563040510887],5.994429696487834e7],[[0.49573482851354234,0.5649634219404187],5.9944296964942895e7],[[0.49574255416977603,0.5649760156503663],5.994429696489753e7],[[0.4957442449390305,0.564963502080529],5.994429696486797e7]]}