{"initial":[0.5,0.5],"finitial":6.353094075565057e7,"ftol_rel":1.0e-12,"ftol_abs":1.0e-8,"xtol_rel":0.0,"xtol_abs":[1.0e-10,1.0e-10],"initial_step":[0.375,0.375],"maxfeval":-1,"maxtime":-1.0,"feval":36,"final":[0.5059065356667852,0.5606911299814568],"fmin":6.353022166571643e7,"optimizer":"LN_BOBYQA","returnvalue":"FTOL_REACHED","xtol_zero_abs":0.001,"ftol_zero_abs":1.0e-5,"fitlog":[[[0.5,0.5],6.353094075565057e7],[[0.875,0.5],6.359560473989822e7],[[0.5,0.875],6.353848680566248e7],[[0.125,0.5],6.447654904816483e7],[[0.5,0.125],6.374017084159936e7],[[0.6634975655566935,0.6744461242035448],6.35498631918977e7],[[0.6715055976756391,0.4242234867130864],6.3554216517199926e7],[[0.5803768958515608,0.5471352587185805],6.353521016084569e7],[[0.5309219702440355,0.4787848696391707],6.353218517390327e7],[[0.5116889510937189,0.5146605225803397],6.353063523692881e7],[[0.5119700538432643,0.5240313072990384],6.353049502233222e7],[[0.5179861366454581,0.531221395804554],6.353052521756782e7],[[0.5103467607715515,0.5274117539564092],6.3530433797760084e7],[[0.5092820062120031,0.53100741769596],6.3530384343430966e7],[[0.5087239657358709,0.5384866282710807],6.3530312808470525e7],[[0.5094641177295772,0.5534683563098023],6.3530243877659045e7],[[0.5099265630061753,0.5585627481566585],6.3530239947227575e7],[[0.5136668676905416,0.5582932655633291],6.353028728873335e7],[[0.507432530563122,0.560051845479878],6.353022427738652e7],[[0.5069657716870457,0.562762578576473],6.353022355962924e7],[[0.510592896045783,0.5637146651724586],6.353024684400311e7],[[0.5067409127169565,0.5617987629784832],6.353022261750351e7],[[0.5065671465427524,0.5624533080225208],6.353022262737256e7],[[0.5061366818069164,0.5621045879371178],6.35302220365363e7],[[0.5059285323203857,0.56146015199055],6.353022175922459e7],[[0.505886582141732,0.5611621252010194],6.353022170112818e7],[[0.5059064776285587,0.5608768146301718],6.3530221671136476e7],[[0.5055329908796024,0.5608431597887069],6.3530221823548004e7],[[0.5059113631344984,0.5608379774577916],6.353022166911846e7],[[0.505911401604969,0.5607442274656849],6.3530221666171916e7],[[0.5059110474935496,0.5607251098260244],6.353022166591023e7],[[0.5059485455454532,0.5607254920608157],6.353022166776674e7],[[0.5058881143339624,0.5606954396357428],6.353022166611855e7],[[0.5059060624830137,0.5606984268254712],6.353022166572446e7],[[0.5058711012259909,0.5607119900296419],6.3530221667220145e7],[[0.5059065356667852,0.5606911299814568],6.353022166571643e7]],"nAGQ":1,"REML":false,"sigma":null}