{"initial":[0.5,0.5],"finitial":7.693283406388345e7,"final":[0.5066110765833605,0.5707376415913201],"fmin":7.693146022195835e7,"feval":23,"returnvalue":"FTOL_REACHED","xtol_zero_abs":0.001,"ftol_zero_abs":1.0e-5,"maxfeval":-1,"optimizer":"LN_BOBYQA","backend":"nlopt","ftol_rel":1.0e-12,"ftol_abs":1.0e-8,"xtol_rel":0.0,"xtol_abs":[1.0e-10,1.0e-10],"initial_step":[0.1,0.1],"maxtime":-1.0,"rhobeg":1.0,"rhoend":1.0e-6,"fitlog":[[[0.5,0.5],7.693283406388345e7],[[0.6,0.5],7.693977213866715e7],[[0.5,0.6],7.69316911168007e7],[[0.4,0.5],7.694981181193036e7],[[0.5,0.4],7.694152553115603e7],[[0.5209896045273432,0.5651413396800485],7.69316737485885e7],[[0.5088906440746089,0.5586272057120437],7.693149992136025e7],[[0.5076946977313804,0.5677656664466006],7.69314634733305e7],[[0.5154355985966795,0.5740964210456679],7.693154158797523e7],[[0.507541109342597,0.5712181199073175],7.693146117152819e7],[[0.5072876556618298,0.5721854674310677],7.693146117095532e7],[[0.5073917874253615,0.5716656326450688],7.693146104898438e7],[[0.5064901955942631,0.5720982204050628],7.693146065883492e7],[[0.5066232299091122,0.5711071089728451],7.693146025340585e7],[[0.5066155191216233,0.5707862806242818],7.693146022255167e7],[[0.506521895317588,0.5707511439864524],7.693146023025821e7],[[0.5066491634843551,0.570692110263465],7.693146022392981e7],[[0.5065506003722269,0.5708623434665689],7.693146022939335e7],[[0.5066816989934806,0.5708612487812617],7.693146023071122e7],[[0.5066126447163284,0.5707414774758015],7.693146022196975e7],[[0.5066176395228363,0.5707501407262278],7.693146022205037e7],[[0.5066080779495034,0.5707503738031767],7.693146022201179e7],[[0.5066110765833605,0.5707376415913201],7.693146022195835e7]],"nAGQ":1,"REML":false,"sigma":null}