{"initial":[0.5,0.5],"finitial":6.364908714758727e7,"ftol_rel":1.0e-12,"ftol_abs":1.0e-8,"xtol_rel":0.0,"xtol_abs":[1.0e-10,1.0e-10],"initial_step":[0.375,0.375],"maxfeval":-1,"maxtime":-1.0,"feval":32,"final":[0.5059948572053126,0.5548033759056937],"fmin":6.3648415857550204e7,"optimizer":"LN_BOBYQA","returnvalue":"FTOL_REACHED","xtol_zero_abs":0.001,"ftol_zero_abs":1.0e-5,"fitlog":[[[0.5,0.5],6.364908714758727e7],[[0.875,0.5],6.371372332549685e7],[[0.5,0.875],6.365891508938298e7],[[0.125,0.5],6.459549629824397e7],[[0.5,0.125],6.386062218280566e7],[[0.6635262314346824,0.6708509730348658],6.366841416495301e7],[[0.6720102861096008,0.4253762003614579],6.367249889371731e7],[[0.5802541599225236,0.5449365062256045],6.365336640431749e7],[[0.5304817386566929,0.47815706959986654],6.365034509988219e7],[[0.511805989211931,0.5145664380933628],6.364878202682863e7],[[0.5120899724997456,0.5239371359591698],6.3648645782215506e7],[[0.5182304686034134,0.5310212684114071],6.3648685966224305e7],[[0.5106852678696195,0.5274141037332659],6.364858786123898e7],[[0.5094675856392311,0.53096089805854],6.364854025203689e7],[[0.508812997118886,0.5384322777081785],6.3648476083472565e7],[[0.5095486906106453,0.5534142253481278],6.3648429959565125e7],[[0.5132887386689559,0.5536872464490117],6.3648473312228516e7],[[0.5074233262058717,0.5532649223060011],6.364841853577217e7],[[0.5059485411495043,0.5532630713702111],6.364841629960871e7],[[0.5057672673550786,0.5535913468817171],6.364841618577268e7],[[0.5059046651077864,0.5539402693051163],6.364841600421558e7],[[0.5060067102435334,0.5546832947355496],6.3648415860395074e7],[[0.5056983164790805,0.5548966448844751],6.3648415955926485e7],[[0.5063597345876897,0.5545568083235006],6.364841601518628e7],[[0.5059923046695377,0.5547757076542406],6.364841585770528e7],[[0.5059948115910713,0.5548040838951974],6.3648415857550494e7],[[0.5059959370588345,0.5548415670023567],6.364841585781381e7],[[0.5060323094169272,0.5548044876972291],6.3648415859088644e7],[[0.5059912319691234,0.5548052013954035],6.364841585756714e7],[[0.5059938315299316,0.5548004642294445],6.3648415857553154e7],[[0.505998561373657,0.5548041242754006],6.364841585756717e7],[[0.5059948572053126,0.5548033759056937],6.3648415857550204e7]],"nAGQ":1,"REML":false,"sigma":null}