{"initial":[0.5,0.5],"finitial":6.367700307441087e7,"ftol_rel":1.0e-12,"ftol_abs":1.0e-8,"xtol_rel":0.0,"xtol_abs":[1.0e-10,1.0e-10],"initial_step":[0.375,0.375],"maxfeval":-1,"maxtime":-1.0,"feval":32,"final":[0.50603805577871,0.5531309240201763],"fmin":6.367635397765913e7,"optimizer":"LN_BOBYQA","returnvalue":"FTOL_REACHED","xtol_zero_abs":0.001,"ftol_zero_abs":1.0e-5,"fitlog":[[[0.5,0.5],6.367700307441087e7],[[0.875,0.5],6.374162329056946e7],[[0.5,0.875],6.368747807223453e7],[[0.125,0.5],6.462369300520935e7],[[0.5,0.125],6.388879295126969e7],[[0.663538427842947,0.6698268332907642],6.369643963924702e7],[[0.6721835117189363,0.42577676716731544],6.37004086950546e7],[[0.5802283294324921,0.5442319713895317],6.368129262274445e7],[[0.5303239514957452,0.477938541170546],6.3678255789861165e7],[[0.5118548052678158,0.5145267371443889],6.367670210213274e7],[[0.5121399907378035,0.5238973985003289],6.3676569088539675e7],[[0.5183227250224628,0.5309446973988644],6.367661361877498e7],[[0.510807491527721,0.5274026725060422],6.367651295309251e7],[[0.5095287297158673,0.5309279055803998],6.3676466401836246e7],[[0.5088469173536339,0.53839685007763],6.367640552743425e7],[[0.5095876591937334,0.5533785489641491],6.367636768031706e7],[[0.5133277036964132,0.5536516187683633],6.3676411141713455e7],[[0.5074873121671077,0.551944311467666],6.367635654996924e7],[[0.5074588582061927,0.5485128509880607],6.367636031813616e7],[[0.506453903999767,0.5521679908346964],6.367635434589021e7],[[0.5059341733167442,0.5526832855100575],6.3676354027474076e7],[[0.5058543020231694,0.5523168901273592],6.367635414059748e7],[[0.5059651389396296,0.5530570048301352],6.3676353984490834e7],[[0.5058480361618028,0.5534132518503687],6.367635403273843e7],[[0.5059906240768374,0.5530583549914121],6.367635398109631e7],[[0.5060378714692395,0.5530986182296672],6.367635397785062e7],[[0.5060752554104924,0.5531015662690839],6.3676353979350045e7],[[0.5060292987163226,0.5530621112726942],6.3676353978623904e7],[[0.5060377082049226,0.5531277745948574],6.367635397765942e7],[[0.5060356329759251,0.5531308980424091],6.367635397766392e7],[[0.5060350234768168,0.553125156439973],6.367635397767374e7],[[0.50603805577871,0.5531309240201763],6.367635397765913e7]],"nAGQ":1,"REML":false,"sigma":null}