{"initial":[0.5,0.5],"finitial":6.933340706820954e7,"final":[0.5098014714250743,0.5746193981010956],"fmin":6.933187115727007e7,"feval":23,"returnvalue":"FTOL_REACHED","xtol_zero_abs":0.001,"ftol_zero_abs":1.0e-5,"maxfeval":-1,"optimizer":"LN_BOBYQA","backend":"nlopt","ftol_rel":1.0e-12,"ftol_abs":1.0e-8,"xtol_rel":0.0,"xtol_abs":[1.0e-10,1.0e-10],"initial_step":[0.1,0.1],"maxtime":-1.0,"rhobeg":1.0,"rhoend":1.0e-6,"fitlog":[[[0.5,0.5],6.933340706820954e7],[[0.6,0.5],6.933769363079447e7],[[0.5,0.6],6.933207780101106e7],[[0.4,0.5],6.934560437882161e7],[[0.5,0.4],6.934235065934302e7],[[0.5239954164067179,0.5674574553149787],6.933201660136302e7],[[0.5115958747660461,0.5607117097834808],6.933191809682618e7],[[0.5109455766758108,0.5720974499244307],6.933187350185597e7],[[0.5180991921720012,0.5790849949391454],6.933192194899854e7],[[0.5109285564730728,0.5752959081845622],6.93318721344156e7],[[0.5110365928697587,0.5747164423404286],6.933187221135627e7],[[0.5117860975467656,0.5747814926842808],6.933187387280205e7],[[0.5100493598597884,0.5748194490413093],6.933187120868574e7],[[0.509807553634391,0.574409638493412],6.933187116711155e7],[[0.5098285401857321,0.5745542590661339],6.933187115871522e7],[[0.5097840357013669,0.5746472917292244],6.933187115766262e7],[[0.5096958134203508,0.5746002085142501],6.933187116507304e7],[[0.5097425808251087,0.5747382944392633],6.933187116289781e7],[[0.5098000888206644,0.5746168683211416],6.93318711572723e7],[[0.5098078492292447,0.5746231751474962],6.933187115730083e7],[[0.5097940593351138,0.5746248461218407],6.933187115731595e7],[[0.5097902140562333,0.5746152906559585],6.933187115736178e7],[[0.5098014714250743,0.5746193981010956],6.933187115727007e7]],"nAGQ":1,"REML":false,"sigma":null}