{"initial":[0.5,0.5],"finitial":8.122873080085598e7,"final":[0.5156483829256575,0.5670377507859847],"fmin":8.122719773510972e7,"feval":26,"returnvalue":"FTOL_REACHED","xtol_zero_abs":0.001,"ftol_zero_abs":1.0e-5,"maxfeval":-1,"optimizer":"LN_BOBYQA","backend":"nlopt","ftol_rel":1.0e-12,"ftol_abs":1.0e-8,"xtol_rel":0.0,"xtol_abs":[1.0e-10,1.0e-10],"initial_step":[0.1,0.1],"maxtime":-1.0,"rhobeg":1.0,"rhoend":1.0e-6,"fitlog":[[[0.5,0.5],8.122873080085598e7],[[0.6,0.5],8.12358797050319e7],[[0.5,0.6],8.122777240232514e7],[[0.4,0.5],8.125398268975292e7],[[0.5,0.4],8.123716740545502e7],[[0.5279360210108268,0.5628158882237273],8.122739421181956e7],[[0.5208681140505694,0.55401232984306],8.122727361961976e7],[[0.5208798677189742,0.552861883917902],8.122728133809114e7],[[0.5216940557712548,0.5534485743339683],8.122728925859292e7],[[0.5199578320562099,0.5544263185998457],8.122725981174599e7],[[0.5182856252614906,0.555523462362392],8.122723828653038e7],[[0.5159737821378269,0.558787720527974],8.122721385376811e7],[[0.5151662100211964,0.5636737366608238],8.122720066254723e7],[[0.5150428338628367,0.5658302229496841],8.1227198553114e7],[[0.5152656013247214,0.5668050945606798],8.122719794053362e7],[[0.5154820105563606,0.5674470509074185],8.122719781049308e7],[[0.5145447176922289,0.5677955937123188],8.122719948173788e7],[[0.5164193034204924,0.5670985081025183],8.122719851744413e7],[[0.5156445190410112,0.567097253961971],8.122719773594119e7],[[0.5155940201232013,0.5670109413945197],8.122719773916115e7],[[0.5155600996066659,0.5671508576848345],8.122719774836911e7],[[0.5156476983374982,0.5670414471182119],8.122719773511395e7],[[0.5156576775017202,0.5670408019194582],8.122719773522648e7],[[0.5156514799526974,0.5670321897218995],8.122719773512974e7],[[0.5156414483300795,0.5670492533597702],8.12271977352024e7],[[0.5156483829256575,0.5670377507859847],8.122719773510972e7]],"nAGQ":1,"REML":false,"sigma":null}