{"initial":[0.5,0.5],"finitial":7.061008598932278e7,"ftol_rel":1.0e-12,"ftol_abs":1.0e-8,"xtol_rel":0.0,"xtol_abs":[1.0e-10,1.0e-10],"initial_step":[0.1,0.1],"maxfeval":-1,"maxtime":-1.0,"feval":26,"final":[0.5304483019820448,0.5643149524448274],"fmin":7.06079944980753e7,"optimizer":"LN_BOBYQA","returnvalue":"FTOL_REACHED","nAGQ":1,"REML":false,"sigma":null,"fitlog":[[[0.5,0.5],7.061008598932278e7],[[0.6,0.5],7.061427473963344e7],[[0.5,0.6],7.060954083112729e7],[[0.4,0.5],7.064252529016031e7],[[0.5,0.4],7.061582355551973e7],[[0.5385640917838832,0.5604991401935882],7.060808452699332e7],[[0.5288500843810601,0.6333215956574744],7.060860136632472e7],[[0.5353188069597934,0.5658990634775752],7.060802671145137e7],[[0.5332365385156511,0.5561182578805639],7.060801530924426e7],[[0.5240206465121349,0.5522365914111818],7.060807381893401e7],[[0.5283447956355874,0.5648401184386872],7.060800059422663e7],[[0.5304501572970786,0.5651861326984859],7.060799461146998e7],[[0.5304266800677264,0.5661858570703515],7.060799501955459e7],[[0.5304640798088086,0.5643735409839509],7.060799449896519e7],[[0.5294852415511334,0.5641689055390461],7.060799576494502e7],[[0.5304959164123514,0.5642787441977456],7.060799450137922e7],[[0.5305594805794082,0.5644035191921863],7.060799451614012e7],[[0.5304484691512763,0.564315938373044],7.0607994498077e7],[[0.5304496343144721,0.5642159451613007],7.060799449950027e7],[[0.5304393451781275,0.5643118453162426],7.060799449818219e7],[[0.530456320034715,0.564322132211049],7.060799449818411e7],[[0.530448212799807,0.5643110944978393],7.060799449807861e7],[[0.530450436674658,0.5643143960203791],7.060799449808627e7],[[0.5304478409058554,0.5643158475991052],7.060799449807735e7],[[0.5304492542396202,0.5643165577568444],7.060799449807927e7],[[0.5304483019820448,0.5643149524448274],7.06079944980753e7]]}