{"initial":[0.5,0.5],"finitial":7.073609486053193e7,"ftol_rel":1.0e-12,"ftol_abs":1.0e-8,"xtol_rel":0.0,"xtol_abs":[1.0e-10,1.0e-10],"initial_step":[0.1,0.1],"maxfeval":-1,"maxtime":-1.0,"feval":23,"final":[0.5305306926716066,0.5621443715793029],"fmin":7.0733960449581e7,"optimizer":"LN_BOBYQA","returnvalue":"FTOL_REACHED","nAGQ":1,"REML":false,"sigma":null,"fitlog":[[[0.5,0.5],7.073609486053193e7],[[0.6,0.5],7.074026712494738e7],[[0.5,0.6],7.073556783079717e7],[[0.4,0.5],7.076857297166891e7],[[0.5,0.4],7.074221402322267e7],[[0.5386160391194698,0.5594244850562187],7.0734048890785e7],[[0.5310193240888942,0.6166998384948593],7.073441482805005e7],[[0.535746662125738,0.5640127212193619],7.073399751515524e7],[[0.533617148420762,0.5542420932262224],7.07339843118588e7],[[0.524351518795944,0.5504806961911175],7.073403689661407e7],[[0.5285320173713471,0.5628526357300533],7.073396600427772e7],[[0.530523918431005,0.562792308818807],7.073396052167942e7],[[0.5304008958211541,0.5637847126869301],7.07339609335854e7],[[0.5305314945203822,0.5621923010993837],7.073396044998156e7],[[0.5295563042998426,0.5619709325520152],7.073396174892023e7],[[0.5305676770712101,0.5620990765156325],7.073396045179377e7],[[0.530625907917835,0.5622252572882016],7.073396046300618e7],[[0.5305233206481343,0.5622919664785907],7.073396045341864e7],[[0.5304339754983282,0.5621701642446468],7.073396046244186e7],[[0.5305310964550106,0.5621466151775187],7.07339604495822e7],[[0.5305305622524346,0.5621566008987049],7.073396044960727e7],[[0.5305387933177244,0.5621529994006011],7.073396044968417e7],[[0.5305306926716066,0.5621443715793029],7.0733960449581e7]]}