{"initial":[0.5,0.5],"finitial":6.774095849465618e7,"ftol_rel":1.0e-12,"ftol_abs":1.0e-8,"xtol_rel":0.0,"xtol_abs":[1.0e-10,1.0e-10],"initial_step":[0.1,0.1],"maxfeval":-1,"maxtime":-1.0,"feval":26,"final":[0.5018020540432728,0.5680077198518251],"fmin":6.774004079702535e7,"optimizer":"LN_BOBYQA","returnvalue":"FTOL_REACHED","nAGQ":1,"REML":false,"sigma":null,"fitlog":[[[0.5,0.5],6.774095849465618e7],[[0.6,0.5],6.774978868417826e7],[[0.5,0.6],6.774020566647752e7],[[0.4,0.5],6.77581797098188e7],[[0.5,0.4],6.774741801072183e7],[[0.5161047470224475,0.5631920335151727],6.774027950682236e7],[[0.5,0.62],6.774045233777241e7],[[0.5077228852468859,0.5853913488343127],6.77401306146084e7],[[0.49988634880024857,0.5791793687538129],6.774006578217024e7],[[0.4920429452714062,0.5853826760236281],6.774020753021875e7],[[0.502560242747189,0.5698561718425997],6.774004205064131e7],[[0.5025121693601322,0.5690672761598631],6.77400415845464e7],[[0.50249657617433,0.5673503604926501],6.774004144718619e7],[[0.502497307294181,0.567932513883934],6.77400413749953e7],[[0.5015529712035455,0.5682614961751339],6.774004088221478e7],[[0.5012140977494212,0.5673206642124063],6.774004128918211e7],[[0.5006086351129099,0.5685904784663339],6.774004256488419e7],[[0.5018146844683623,0.5678539993435401],6.774004080123134e7],[[0.5018182900139305,0.5677982835517592],6.774004080477706e7],[[0.5017293389395754,0.5679061159504527],6.774004080506451e7],[[0.5018022751763699,0.5679532264037215],6.774004079753353e7],[[0.5018024651191568,0.5680039111382993],6.774004079703178e7],[[0.5019024558204168,0.5680052748323761],6.774004080909835e7],[[0.5018055448334999,0.5680134250943412],6.774004079704829e7],[[0.5017924660490308,0.5680037747688916],6.774004079714002e7],[[0.5018020540432728,0.5680077198518251],6.774004079702535e7]]}