{"initial":[0.5,0.5],"finitial":8.100594425592478e7,"final":[0.5155565935501044,0.557943211342193],"fmin":8.100481086376914e7,"feval":26,"returnvalue":"FTOL_REACHED","xtol_zero_abs":0.001,"ftol_zero_abs":1.0e-5,"maxfeval":-1,"optimizer":"LN_BOBYQA","backend":"nlopt","ftol_rel":1.0e-12,"ftol_abs":1.0e-8,"xtol_rel":0.0,"xtol_abs":[1.0e-10,1.0e-10],"initial_step":[0.1,0.1],"maxtime":-1.0,"rhobeg":1.0,"rhoend":1.0e-6,"fitlog":[[[0.5,0.5],8.100594425592478e7],[[0.6,0.5],8.101310424568981e7],[[0.5,0.6],8.100547757048973e7],[[0.4,0.5],8.103116866985856e7],[[0.5,0.4],8.101313423292145e7],[[0.5278906234259465,0.5569413237662477],8.100500467282955e7],[[0.5239545515810337,0.6103451189254485],8.100540125115415e7],[[0.526136551341058,0.5667217186710278],8.100496924354555e7],[[0.5245877917715804,0.5568423794321945],8.100491590847261e7],[[0.5243782492244894,0.5468445750771894],8.10049373554519e7],[[0.515489955910568,0.5526915502805579],8.100481663321908e7],[[0.5141970330925671,0.5626076155580102],8.100481777192132e7],[[0.5145532554215109,0.557493965771891],8.100481223480168e7],[[0.5151710977736339,0.5574598185084205],8.100481110748501e7],[[0.5155557586668661,0.5576425751425073],8.100481088243708e7],[[0.5156553685058013,0.5576337501786374],8.100481089652178e7],[[0.5155570876229324,0.5577425663114962],8.10048108720851e7],[[0.5155437746503055,0.5578416761735677],8.100481086610916e7],[[0.515534432096421,0.5579456402231696],8.10048108644183e7],[[0.5155287985869853,0.5580454814149265],8.100481086695562e7],[[0.5154435947657668,0.5579038242051905],8.100481088090865e7],[[0.5155540542017013,0.5579409025091031],8.100481086377952e7],[[0.5155516056992909,0.5579312068999965],8.10048108638323e7],[[0.5155635343581667,0.5579440847462709],8.100481086383349e7],[[0.5155517067045841,0.5579506230675892],8.100481086381328e7],[[0.5155565935501044,0.557943211342193],8.100481086376914e7]],"nAGQ":1,"REML":false,"sigma":null}