{"initial":[0.5,0.5],"finitial":5.375285157539252e7,"ftol_rel":1.0e-12,"ftol_abs":1.0e-8,"xtol_rel":0.0,"xtol_abs":[1.0e-10,1.0e-10],"initial_step":[0.1,0.1],"maxfeval":-1,"maxtime":-1.0,"feval":31,"final":[0.49935439989686364,0.5698183258083962],"fmin":5.3751960049840115e7,"optimizer":"LN_BOBYQA","returnvalue":"FTOL_REACHED","nAGQ":1,"REML":false,"sigma":null,"fitlog":[[[0.5,0.5],5.375285157539252e7],[[0.6,0.5],5.375717342352543e7],[[0.5,0.6],5.375208950817804e7],[[0.4,0.5],5.376086687274588e7],[[0.5,0.4],5.3759095051041044e7],[[0.5149688160221525,0.5639027628327953],5.375209824590177e7],[[0.5,0.62],5.375230140642657e7],[[0.5096701743603289,0.5843624036763228],5.375204979533855e7],[[0.503636041459584,0.5793155420688664],5.375198375734727e7],[[0.4956948468019055,0.5732379251502987],5.375196958479548e7],[[0.498837878784582,0.5733542855088515],5.375196209669216e7],[[0.49950163348666266,0.5702913123925348],5.3751960096221365e7],[[0.49948486073609655,0.56929145306501],5.375196010207332e7],[[0.5004258963746104,0.5699095557764003],5.3751960704879746e7],[[0.49937688883899295,0.5698233136561561],5.3751960050135605e7],[[0.4994178265665324,0.5699145501755105],5.375196005355385e7],[[0.4993035655414195,0.5698913114063613],5.375196005213762e7],[[0.4994765525931792,0.5698315073184328],5.375196005839997e7],[[0.4993544074461389,0.5698183496413239],5.3751960049840376e7],[[0.49935681076066196,0.5698086427324801],5.375196004985979e7],[[0.49934890345200056,0.5698100006265003],5.37519600498689e7],[[0.4993538357309395,0.5698191700934742],5.3751960049841635e7],[[0.4993547045706379,0.5698173948025773],5.3751960049842775e7],[[0.4993553839252674,0.5698185652532706],5.375196004984323e7],[[0.49935360054641725,0.5698177589528789],5.375196004984247e7],[[0.49935438538845534,0.569818667557641],5.375196004984224e7],[[0.49935448441776054,0.5698181117855494],5.3751960049841866e7],[[0.4993543077017181,0.569818342496359],5.3751960049842596e7],[[0.4993544559460201,0.5698183617970437],5.37519600498429e7],[[0.49935440571574774,0.569818374581367],5.375196004984157e7],[[0.49935439989686364,0.5698183258083962],5.3751960049840115e7]]}