{"initial":[0.5,0.5],"finitial":8.11741940529963e7,"final":[0.5156109563523085,0.5625241549688582],"fmin":8.117282371547462e7,"feval":19,"returnvalue":"FTOL_REACHED","xtol_zero_abs":0.001,"ftol_zero_abs":1.0e-5,"maxfeval":-1,"optimizer":"LN_BOBYQA","backend":"nlopt","ftol_rel":1.0e-12,"ftol_abs":1.0e-8,"xtol_rel":0.0,"xtol_abs":[1.0e-10,1.0e-10],"initial_step":[0.1,0.1],"maxtime":-1.0,"rhobeg":1.0,"rhoend":1.0e-6,"fitlog":[[[0.5,0.5],8.11741940529963e7],[[0.6,0.5],8.118134603593983e7],[[0.5,0.6],8.117346136997981e7],[[0.4,0.5],8.119943885957965e7],[[0.5,0.4],8.118229020041484e7],[[0.5279237910670206,0.5599502486393982],8.11730180208096e7],[[0.5238701139889612,0.5316231700102924],8.117314814415185e7],[[0.5151314119603185,0.5539552237754585],8.117284129840152e7],[[0.515447634998508,0.5611682686233345],8.117282418793915e7],[[0.5073455150309096,0.5670296380905019],8.117292093374977e7],[[0.5160948629117126,0.5602269285215307],8.117282525520252e7],[[0.5162281060337376,0.5617934605643955],8.117282433285692e7],[[0.5155537252738999,0.5621626251255344],8.117282375380294e7],[[0.5155884546427257,0.562475704969236],8.117282371755305e7],[[0.5155876517206831,0.5625447310422154],8.117282371667823e7],[[0.5154879708416539,0.5625527136706023],8.117282373825218e7],[[0.5155929558377822,0.5626445902748471],8.117282371878222e7],[[0.5156093627162065,0.5625310161937399],8.11728237154777e7],[[0.5156109563523085,0.5625241549688582],8.117282371547462e7]],"nAGQ":1,"REML":false,"sigma":null}