{"initial":[0.5,0.5],"finitial":7.687901946265937e7,"final":[0.5066016998772408,0.5662012536983635],"fmin":7.687781767446746e7,"feval":32,"returnvalue":"FTOL_REACHED","xtol_zero_abs":0.001,"ftol_zero_abs":1.0e-5,"maxfeval":-1,"optimizer":"LN_BOBYQA","backend":"nlopt","ftol_rel":1.0e-12,"ftol_abs":1.0e-8,"xtol_rel":0.0,"xtol_abs":[1.0e-10,1.0e-10],"initial_step":[0.1,0.1],"maxtime":-1.0,"rhobeg":1.0,"rhoend":1.0e-6,"fitlog":[[[0.5,0.5],7.687901946265937e7],[[0.6,0.5],7.688595651057445e7],[[0.5,0.6],7.687810644781177e7],[[0.4,0.5],7.68959982239204e7],[[0.5,0.4],7.688736802814792e7],[[0.5209938816454387,0.5622790482063198],7.687802782945818e7],[[0.5088944934808949,0.5560511433856877],7.687784711137058e7],[[0.5080472645508444,0.5626123533726638],7.687782280700603e7],[[0.49978153284229687,0.568240646126449],7.687786811681876e7],[[0.5066930925119514,0.5666054605155557],7.687781772073695e7],[[0.506922607748164,0.5675787655840446],7.687781821193585e7],[[0.5076778293014607,0.5664314103636255],7.687781889008987e7],[[0.5068972765416025,0.565626527993859],7.68778178411741e7],[[0.5066694026837195,0.5664286447015031],7.687781769131702e7],[[0.5065726931711255,0.5664540862064474],7.687781769007654e7],[[0.5066061152822077,0.5664967230076542],7.687781769461454e7],[[0.506472714215122,0.5664561376343481],7.687781770662206e7],[[0.5066076557950415,0.5663603972800532],7.687781768043195e7],[[0.506624216931833,0.5662632514200435],7.68778176759776e7],[[0.5066214791678966,0.5662510780474383],7.687781767553227e7],[[0.506605408820415,0.5662319274878688],7.687781767474009e7],[[0.5066016647668159,0.566201501220601],7.687781767446786e7],[[0.506611039316078,0.5661980201537914],7.687781767458381e7],[[0.5065971469375352,0.5662104224995783],7.687781767451058e7],[[0.5065988069724666,0.5661919182663875],7.687781767448197e7],[[0.5066010702777551,0.5661988033211114],7.687781767446852e7],[[0.5066040497540714,0.5662022507776645],7.687781767448385e7],[[0.5065998006810118,0.5662013283350017],7.687781767447047e7],[[0.506601409097259,0.5662005344563703],7.687781767446859e7],[[0.506601231482732,0.5662017507499632],7.687781767447026e7],[[0.5066015518210839,0.5662017242525754],7.687781767447184e7],[[0.5066016998772408,0.5662012536983635],7.687781767446746e7]],"nAGQ":1,"REML":false,"sigma":null}