{"initial":[0.5,0.5],"finitial":6.353094075564611e7,"ftol_rel":1.0e-12,"ftol_abs":1.0e-8,"xtol_rel":0.0,"xtol_abs":[1.0e-10,1.0e-10],"initial_step":[0.1,0.1],"maxfeval":-1,"maxtime":-1.0,"feval":21,"final":[0.5059071251030974,0.5606924166517417],"fmin":6.353022166571414e7,"optimizer":"LN_BOBYQA","returnvalue":"FTOL_REACHED","nAGQ":1,"REML":false,"sigma":null,"fitlog":[[[0.5,0.5],6.353094075564611e7],[[0.6,0.5],6.3538441262614876e7],[[0.5,0.6],6.353048300123903e7],[[0.4,0.5],6.354825902845631e7],[[0.5,0.4],6.353672359277662e7],[[0.519778905185647,0.5585961933523367],6.353042545014277e7],[[0.5078010146670822,0.552736574017103],6.353023581454193e7],[[0.5164813591369208,0.5477715342504],6.353036836855896e7],[[0.5061285118004929,0.5625957187143498],6.3530222287693225e7],[[0.5063907948920888,0.5616245925896127],6.35302220579399e7],[[0.5058020275264055,0.562432895125243],6.353022215486637e7],[[0.5058969215184078,0.5607550587542912],6.353022166647377e7],[[0.5049087990579534,0.5609087272388468],6.3530222772106e7],[[0.5059200253504331,0.560657764289157],6.353022166607556e7],[[0.5060099011413727,0.5607016088122242],6.353022167729912e7],[[0.5058762471508104,0.5605678561736291],6.353022166917054e7],[[0.5058229696085931,0.5606818512768449],6.353022167353101e7],[[0.505907255736381,0.5606912822328671],6.353022166571457e7],[[0.5059083534669055,0.5606813426660912],6.353022166573616e7],[[0.5059171937188492,0.5606923942150885],6.353022166582595e7],[[0.5059071251030974,0.5606924166517417],6.353022166571414e7]]}