{"initial":[0.5,0.5],"finitial":8.601463143542668e7,"ftol_rel":1.0e-12,"ftol_abs":1.0e-8,"xtol_rel":0.0,"xtol_abs":[1.0e-10,1.0e-10],"initial_step":[0.375,0.375],"maxfeval":-1,"maxtime":-1.0,"feval":39,"final":[0.5467890724814609,0.5530338682280679],"fmin":8.601010435134208e7,"optimizer":"LN_BOBYQA","returnvalue":"FTOL_REACHED","xtol_zero_abs":0.001,"ftol_zero_abs":1.0e-5,"fitlog":[[[0.5,0.5],8.601463143542668e7],[[0.875,0.5],8.609691803677635e7],[[0.5,0.875],8.602538756280984e7],[[0.125,0.5],8.748103275052649e7],[[0.5,0.125],8.625767683579151e7],[[0.6675750847356845,0.6716074724629348],8.602958220455629e7],[[0.665705982238856,0.4122630211925671],8.603311832770456e7],[[0.584977698388499,0.5395961270403217],8.601222375299689e7],[[0.6223395239749053,0.5428123342554988],8.601758953667489e7],[[0.579270769380225,0.5025329247866777],8.601224338931435e7],[[0.5731700639508255,0.5250310225440858],8.601130389298941e7],[[0.5616333460005354,0.5102504055429099],8.601086664724965e7],[[0.5500670167348856,0.5025024781203351],8.601072995156097e7],[[0.5476236024643418,0.5004071482592538],8.601076894266605e7],[[0.5476270683166491,0.5053501353532804],8.601064306354721e7],[[0.5474901675603879,0.5065602210834326],8.60106141341324e7],[[0.5475055197651654,0.5089957829232017],8.601055929526307e7],[[0.5477467055183675,0.5138610288670955],8.601046062413146e7],[[0.5488925060574751,0.5235358568124945],8.601030765313478e7],[[0.5522017175441686,0.5427376728185473],8.601017256685029e7],[[0.5520099135472198,0.5446630473910707],8.601016159626223e7],[[0.5521334965272627,0.5457769928599602],8.601015982488938e7],[[0.5514398274470109,0.5464610796626305],8.601014711405827e7],[[0.5504726307258713,0.5465780499541646],8.601013434617361e7],[[0.5487029962562856,0.54739352529407],8.601011685248552e7],[[0.5469380602349919,0.5508679210090828],8.601010537512055e7],[[0.5465270308807982,0.5524396832448574],8.601010453276242e7],[[0.5461625804760699,0.552351360526979],8.60101050632219e7],[[0.5467585743440123,0.5527346622689299],8.601010437167153e7],[[0.5467812788942357,0.5529419292066221],8.601010435325067e7],[[0.5464174815182492,0.5528509541043942],8.601010457488632e7],[[0.5465568558656904,0.5532423610695437],8.601010444533145e7],[[0.5467897977491557,0.553033971397954],8.601010435134248e7],[[0.5468151701716993,0.5530615846225804],8.60101043525123e7],[[0.5467561439384129,0.5530174283927105],8.601010435315324e7],[[0.5467870029033697,0.5530364716653461],8.601010435135214e7],[[0.546789408667036,0.5530302416372238],8.60101043513504e7],[[0.5467896522897935,0.5530360266326948],8.601010435134532e7],[[0.5467890724814609,0.5530338682280679],8.601010435134208e7]],"nAGQ":1,"REML":false,"sigma":null}