{"initial":[0.5,0.5],"finitial":7.105168403777972e7,"ftol_rel":1.0e-12,"ftol_abs":1.0e-8,"xtol_rel":0.0,"xtol_abs":[1.0e-10,1.0e-10],"initial_step":[0.1,0.1],"maxfeval":-1,"maxtime":-1.0,"feval":23,"final":[0.5340451893074469,0.5635837246343317],"fmin":7.104920263871321e7,"optimizer":"LN_BOBYQA","returnvalue":"FTOL_REACHED","nAGQ":1,"REML":false,"sigma":null,"fitlog":[[[0.5,0.5],7.105168403777972e7],[[0.6,0.5],7.105513255336075e7],[[0.5,0.6],7.105116428800607e7],[[0.4,0.5],7.108664823713747e7],[[0.5,0.4],7.10573815613845e7],[[0.5410224633001776,0.5600380934085339],7.104927169377843e7],[[0.5327865054602142,0.6165005613833232],7.104957387659654e7],[[0.5385394450213548,0.5503512662588924],7.104925794015332e7],[[0.5379977839455893,0.5579355971055244],7.104922924639009e7],[[0.5344583114544572,0.5680732200799533],7.104920585519049e7],[[0.525536554361262,0.56355633505042],7.104930637418573e7],[[0.5333094374818006,0.5684639779016172],7.104920693364657e7],[[0.5344238100624921,0.5690726247297085],7.104920728083014e7],[[0.5341759045928075,0.5671139253575175],7.104920451072343e7],[[0.5341138439211204,0.5651148884711571],7.104920299506658e7],[[0.5341238062289009,0.5641847570208317],7.104920270147878e7],[[0.5340886960623109,0.5636150974765245],7.104920264154302e7],[[0.5339886984228125,0.5636144103850207],7.104920264332394e7],[[0.5341775670824671,0.5635692505379528],7.104920266336139e7],[[0.5341045633602614,0.5635163643571787],7.104920264434254e7],[[0.5340453871173474,0.5635911708977981],7.104920263872434e7],[[0.534046696844847,0.5636010847574843],7.10492026387688e7],[[0.5340451893074469,0.5635837246343317],7.104920263871321e7]]}