{"initial":[0.5,0.5],"finitial":6.911876940235843e7,"final":[0.5098083167013037,0.566165721553741],"fmin":6.911766711342674e7,"feval":23,"returnvalue":"FTOL_REACHED","xtol_zero_abs":0.001,"ftol_zero_abs":1.0e-5,"maxfeval":-1,"optimizer":"LN_BOBYQA","backend":"nlopt","ftol_rel":1.0e-12,"ftol_abs":1.0e-8,"xtol_rel":0.0,"xtol_abs":[1.0e-10,1.0e-10],"initial_step":[0.1,0.1],"maxtime":-1.0,"rhobeg":1.0,"rhoend":1.0e-6,"fitlog":[[[0.5,0.5],6.911876940235843e7],[[0.6,0.5],6.912304934977894e7],[[0.5,0.6],6.91179480603416e7],[[0.4,0.5],6.913097726228781e7],[[0.5,0.4],6.912647933903344e7],[[0.5240417429092771,0.5619232159473282],6.9117805086428e7],[[0.5141186133070086,0.5659216070406836],6.911767981813176e7],[[0.5227777107431224,0.5709236097987685],6.91177833222287e7],[[0.5118638729803761,0.5684852812908849],6.911767108006063e7],[[0.5116931827623206,0.5674999565477367],6.911766990813532e7],[[0.5114873665495928,0.5665213658842934],6.911766907890514e7],[[0.5113900064816979,0.5645237370355881],6.911766938364421e7],[[0.5105483664869271,0.5668652828543805],6.911766758832489e7],[[0.509862805992125,0.5668751293081337],6.911766721600103e7],[[0.5089187254053559,0.5672048441025935],6.911766788073632e7],[[0.5098577137887647,0.5665810534834359],6.911766714960235e7],[[0.5098175091810963,0.5661924499353822],6.911766711363313e7],[[0.5099098619163827,0.5661540966788698],6.911766712057437e7],[[0.5097439383637035,0.5661247200687933],6.911766711663406e7],[[0.5098082704034266,0.5661663359632607],6.911766711342809e7],[[0.5098075032563122,0.5661563654324171],6.911766711344638e7],[[0.5098181986123046,0.566165139857716],6.911766711349526e7],[[0.5098083167013037,0.566165721553741],6.911766711342674e7]],"nAGQ":1,"REML":false,"sigma":null}