{"initial":[0.5,0.5],"finitial":7.117805527429754e7,"ftol_rel":1.0e-12,"ftol_abs":1.0e-8,"xtol_rel":0.0,"xtol_abs":[1.0e-10,1.0e-10],"initial_step":[0.1,0.1],"maxfeval":-1,"maxtime":-1.0,"feval":20,"final":[0.5341298156548195,0.5614386690230334],"fmin":7.11755303075905e7,"optimizer":"LN_BOBYQA","returnvalue":"FTOL_REACHED","nAGQ":1,"REML":false,"sigma":null,"fitlog":[[[0.5,0.5],7.117805527429754e7],[[0.6,0.5],7.118148568381636e7],[[0.5,0.6],7.117755616206998e7],[[0.4,0.5],7.121306209305571e7],[[0.5,0.4],7.11841325254716e7],[[0.541075294258728,0.5589476478149035],7.117559790963489e7],[[0.5344983802807395,0.6041816972721663],7.117581676085697e7],[[0.5294643899256882,0.5473415181407909],7.117559619494723e7],[[0.5389563817866033,0.5242135677233345],7.117582322360454e7],[[0.5352825372485925,0.5529916475621279],7.117554471478383e7],[[0.5344741713801412,0.5574574017132501],7.117553323005341e7],[[0.5340963074097872,0.5594915839991033],7.117553096398774e7],[[0.5335291389617808,0.5603151858152656],7.117553102999625e7],[[0.5339880587603324,0.5604857078494817],7.11755304920215e7],[[0.5341414384832773,0.5613398579146874],7.117553030945781e7],[[0.5338302195580098,0.5622901961600271],7.117553055944996e7],[[0.5341360720856297,0.561448542740243],7.117553030765139e7],[[0.5342301488313586,0.5614146374911939],7.11755303216638e7],[[0.5341832807867561,0.5615366979359943],7.11755303131327e7],[[0.5341298156548195,0.5614386690230334],7.11755303075905e7]]}