{"initial":[0.5,0.5],"finitial":7.070762144010715e7,"ftol_rel":1.0e-12,"ftol_abs":1.0e-8,"xtol_rel":0.0,"xtol_abs":[1.0e-10,1.0e-10],"initial_step":[0.1,0.1],"maxfeval":-1,"maxtime":-1.0,"feval":23,"final":[0.530501411607751,0.5621866825580859],"fmin":7.070550240131156e7,"optimizer":"LN_BOBYQA","returnvalue":"FTOL_REACHED","nAGQ":1,"REML":false,"sigma":null,"fitlog":[[[0.5,0.5],7.070762144010715e7],[[0.6,0.5],7.07117999287455e7],[[0.5,0.6],7.070710086263159e7],[[0.4,0.5],7.074008636815265e7],[[0.5,0.4],7.071366981313597e7],[[0.5385968912932062,0.5594174516866208],7.070559107653037e7],[[0.5307292816630008,0.619373795709685],7.070598603611356e7],[[0.5357251374123697,0.5640686446638015],7.070553957252246e7],[[0.5335975404792344,0.5542975991061289],7.070552606750992e7],[[0.5243334454225328,0.5505324241061592],7.07055781179481e7],[[0.5285112718501607,0.5629074696877869],7.070550791066352e7],[[0.5304954611885655,0.5628735829770316],7.070550248061948e7],[[0.5303753129191231,0.5638663389356388],7.070550289582543e7],[[0.5305042834263815,0.5622377853741884],7.070550240177098e7],[[0.5295294805084139,0.5620147175120437],7.070550369402483e7],[[0.530540583160794,0.5621446063567994],7.07055024036834e7],[[0.5305986491789823,0.5622708777409228],7.070550241533846e7],[[0.5304963888149609,0.562337473262673],7.070550240520646e7],[[0.53050200053352,0.5621890474516668],7.070550240131384e7],[[0.5304921574258232,0.5621872830166668],7.070550240142806e7],[[0.5305016227210665,0.5621990403120055],7.070550240133879e7],[[0.5305096324231751,0.5621955092053215],7.07055024014173e7],[[0.530501411607751,0.5621866825580859],7.070550240131156e7]]}