{"initial":[0.5,0.5],"finitial":7.114947630219866e7,"ftol_rel":1.0e-12,"ftol_abs":1.0e-8,"xtol_rel":0.0,"xtol_abs":[1.0e-10,1.0e-10],"initial_step":[0.1,0.1],"maxfeval":-1,"maxtime":-1.0,"feval":20,"final":[0.5340974577593482,0.5614600764044916],"fmin":7.114696757604082e7,"optimizer":"LN_BOBYQA","returnvalue":"FTOL_REACHED","nAGQ":1,"REML":false,"sigma":null,"fitlog":[[[0.5,0.5],7.114947630219866e7],[[0.6,0.5],7.115291409948422e7],[[0.5,0.6],7.114898373984636e7],[[0.4,0.5],7.118446775013465e7],[[0.5,0.4],7.115548253294931e7],[[0.5410542159604274,0.5589334779807769],7.114703539925945e7],[[0.5342465805189687,0.6064284750502575],7.114727522690406e7],[[0.5294482405779222,0.5473251048763061],7.114703270570871e7],[[0.5389563764714347,0.5242037867514565],7.114725623788476e7],[[0.5352600425720768,0.5529195216677846],7.11469820218344e7],[[0.5344313168679178,0.5575262939509795],7.11469703643197e7],[[0.5340683941788381,0.5595150149975245],7.114696821646538e7],[[0.5335049154671343,0.5603411455813045],7.114696827849486e7],[[0.5339549904473199,0.5605085639865924],7.114696775688738e7],[[0.5341083441750926,0.5613635754822581],7.114696757777324e7],[[0.5337854118931379,0.5623099975557917],7.114696783543557e7],[[0.5341031762842338,0.56146832972842],7.114696757608756e7],[[0.5341971243293371,0.5614340694770891],7.114696758994046e7],[[0.5341500578381128,0.5615566593378717],7.114696758137646e7],[[0.5340974577593482,0.5614600764044916],7.114696757604082e7]]}