{"initial":[0.5,0.5],"finitial":6.928059214532688e7,"final":[0.5098073592400378,0.5701277929923837],"fmin":6.927923556297979e7,"feval":22,"returnvalue":"FTOL_REACHED","xtol_zero_abs":0.001,"ftol_zero_abs":1.0e-5,"maxfeval":-1,"optimizer":"LN_BOBYQA","backend":"nlopt","ftol_rel":1.0e-12,"ftol_abs":1.0e-8,"xtol_rel":0.0,"xtol_abs":[1.0e-10,1.0e-10],"initial_step":[0.1,0.1],"maxtime":-1.0,"rhobeg":1.0,"rhoend":1.0e-6,"fitlog":[[[0.5,0.5],6.928059214532688e7],[[0.6,0.5],6.928487567438872e7],[[0.5,0.6],6.927949255513895e7],[[0.4,0.5],6.929279454336943e7],[[0.5,0.4],6.928919525586702e7],[[0.5240170568830189,0.5646543240549041],6.927937629637645e7],[[0.5130749743840376,0.5704718859011944],6.927924289687337e7],[[0.5215616960691328,0.5757610781873317],6.927933461371374e7],[[0.5116563423055827,0.5720208819358981],6.927923870025578e7],[[0.5112020185585626,0.5734413261563495],6.927923932517463e7],[[0.5114965745822263,0.5710337273003047],6.927923770308052e7],[[0.5105689602679432,0.5706601878995219],6.92792360237912e7],[[0.5097968307861338,0.5694557629376814],6.927923566479863e7],[[0.5097533020872286,0.5702293003424593],6.927923556736201e7],[[0.5094419699874613,0.5711796015176951],6.927923590347064e7],[[0.5087632407859017,0.5700886638620742],6.927923632296996e7],[[0.5097948221716975,0.570145365660105],6.927923556317018e7],[[0.5098834701686014,0.5701916423566694],6.927923556766482e7],[[0.5097625324987396,0.5702400090804799],6.927923556720808e7],[[0.5096949728927602,0.570139877354746],6.927923557200643e7],[[0.5098068888127736,0.5701342869658043],6.927923556298487e7],[[0.5098073592400378,0.5701277929923837],6.927923556297979e7]],"nAGQ":1,"REML":false,"sigma":null}