{"initial":[0.5,0.5],"finitial":6.761633100454062e7,"ftol_rel":1.0e-12,"ftol_abs":1.0e-8,"xtol_rel":0.0,"xtol_abs":[1.0e-10,1.0e-10],"initial_step":[0.1,0.1],"maxfeval":-1,"maxtime":-1.0,"feval":18,"final":[0.5017257932034386,0.5700867336070305],"fmin":6.761546354442796e7,"optimizer":"LN_BOBYQA","returnvalue":"FTOL_REACHED","nAGQ":1,"REML":false,"sigma":null,"fitlog":[[[0.5,0.5],6.761633100454062e7],[[0.6,0.5],6.762517140055744e7],[[0.5,0.6],6.761558905281238e7],[[0.4,0.5],6.763352740368097e7],[[0.5,0.4],6.762238293051492e7],[[0.5160465277563597,0.5639727933481202],6.761570443690829e7],[[0.5,0.62],6.761579095927288e7],[[0.5069969706588766,0.587856067270669],6.761554021384118e7],[[0.4992684930306949,0.5815101525571943],6.761548946689594e7],[[0.5021005374882055,0.5719195569453105],6.761546419746894e7],[[0.5019681706729693,0.5695520889805046],6.761546365655182e7],[[0.5010385135679883,0.5699205149122175],6.761546411595693e7],[[0.5017312651664977,0.5701953536339321],6.761546354610759e7],[[0.5026483695834636,0.5697967065614714],6.761546457003172e7],[[0.501722561028255,0.5701230660142712],6.76154635446179e7],[[0.5017431499669577,0.5702209235413352],6.761546354728925e7],[[0.5017234025157193,0.5701015979044776],6.761546354446381e7],[[0.5017257932034386,0.5700867336070305],6.761546354442796e7]]}