{"initial":[0.5,0.5],"finitial":8.188177093707153e7,"ftol_rel":1.0e-12,"ftol_abs":1.0e-8,"xtol_rel":0.0,"xtol_abs":[1.0e-10,1.0e-10],"initial_step":[0.375,0.375],"maxfeval":-1,"maxtime":-1.0,"feval":34,"final":[0.5154635486659315,0.5559545548513742],"fmin":8.188087329804605e7,"optimizer":"LN_BOBYQA","returnvalue":"FTOL_REACHED","xtol_zero_abs":0.001,"ftol_zero_abs":1.0e-5,"fitlog":[[[0.5,0.5],8.188177093707153e7],[[0.875,0.5],8.195834045796765e7],[[0.5,0.875],8.18889262014755e7],[[0.125,0.5],8.314455062239192e7],[[0.5,0.125],8.211361148289292e7],[[0.6660615504882721,0.6762729238895094],8.190309018724664e7],[[0.6674149802070786,0.4155697068448564],8.19065393587025e7],[[0.5816571824101683,0.546056129459959],8.188578640320115e7],[[0.5307641783250139,0.47855669493788916],8.188233244481255e7],[[0.5122723140468071,0.5141757824453024],8.188118847524188e7],[[0.5125677995000514,0.5235461246667434],8.188106103991874e7],[[0.5195771542106167,0.5297718432229807],8.188100928929122e7],[[0.523204438460328,0.5307233204806152],8.188105731499352e7],[[0.5185516494817208,0.5333788974298109],8.188096950984463e7],[[0.5188536941737415,0.5371167135039406],8.188094615431413e7],[[0.5189300816592152,0.5408659354168264],8.188092584667878e7],[[0.5198079004576668,0.5483143872128096],8.1880907538558e7],[[0.5188310697962697,0.5551040951594349],8.18808884791961e7],[[0.5197917675426623,0.5599665389985137],8.188090050081061e7],[[0.515152085838936,0.5558304401474958],8.188087343042362e7],[[0.5160385206117353,0.5594741653557919],8.188087561356257e7],[[0.5159100878813673,0.554115488864319],8.188087409141149e7],[[0.5146881176685634,0.5554168302623941],8.18808741495327e7],[[0.5155862939948064,0.5557519361390213],8.188087332495646e7],[[0.5153936319796258,0.555430212114574],8.188087334733899e7],[[0.5154834636750748,0.5559087231772097],8.188087329897955e7],[[0.5154898153895212,0.5559394656822901],8.188087329904534e7],[[0.515519925224492,0.5558999593073963],8.188087330288792e7],[[0.5154683994761924,0.5559312263631973],8.188087329819998e7],[[0.5154739343938485,0.5559683156431382],8.188087329821323e7],[[0.5154659558865833,0.5559524284114625],8.188087329805997e7],[[0.5154640491514719,0.5559448502785802],8.188087329807316e7],[[0.5154586723288209,0.5559495975947802],8.18808732980837e7],[[0.5154635486659315,0.5559545548513742],8.188087329804605e7]],"nAGQ":1,"REML":false,"sigma":null}