{"initial":[0.5,0.5],"finitial":7.081402932637088e7,"ftol_rel":1.0e-12,"ftol_abs":1.0e-8,"xtol_rel":0.0,"xtol_abs":[1.0e-10,1.0e-10],"initial_step":[0.1,0.1],"maxfeval":-1,"maxtime":-1.0,"feval":23,"final":[0.5339994045976366,0.5672475747658661],"fmin":7.081163372590812e7,"optimizer":"LN_BOBYQA","returnvalue":"FTOL_REACHED","nAGQ":1,"REML":false,"sigma":null,"fitlog":[[[0.5,0.5],7.081402932637088e7],[[0.6,0.5],7.081748439881149e7],[[0.5,0.6],7.081352021630295e7],[[0.4,0.5],7.084896234277986e7],[[0.5,0.4],7.081888504377031e7],[[0.5409996237266541,0.5617128148255842],7.081170490396848e7],[[0.5272942825393467,0.6607691807135951],7.081249357896563e7],[[0.5385420438917795,0.5520195026282382],7.0811690390159e7],[[0.5381517594783263,0.5588168891590362],7.08116661223255e7],[[0.534526904904144,0.5681367834350476],7.081163420512429e7],[[0.5340443250286104,0.573406393678252],7.081163802631317e7],[[0.5256059185402113,0.563618376382277],7.081173606567085e7],[[0.5330254696593556,0.5686753617902761],7.081163529649651e7],[[0.5336348062677507,0.5676849427297705],7.081163393482774e7],[[0.5340148000112922,0.5671505604276088],7.081163372732855e7],[[0.5340093208127294,0.567296046075753],7.081163372631663e7],[[0.5341091926355042,0.5673011075988088],7.081163374312454e7],[[0.5340004096778134,0.5672510577128854],7.081163372590867e7],[[0.5340098227389192,0.5672476821713558],7.081163372606073e7],[[0.5340028778901941,0.5672607483231678],7.081163372594222e7],[[0.5339913250816657,0.5672468779864788],7.081163372599901e7],[[0.5340018271326427,0.5672411586815285],7.081163372591913e7],[[0.5339994045976366,0.5672475747658661],7.081163372590812e7]]}