{"initial":[0.5,0.5],"finitial":6.873738549882554e7,"final":[0.5098502087620501,0.564078209529158],"fmin":6.873658501204522e7,"feval":26,"returnvalue":"FTOL_REACHED","xtol_zero_abs":0.001,"ftol_zero_abs":1.0e-5,"maxfeval":-1,"optimizer":"LN_BOBYQA","backend":"nlopt","ftol_rel":1.0e-12,"ftol_abs":1.0e-8,"xtol_rel":0.0,"xtol_abs":[1.0e-10,1.0e-10],"initial_step":[0.1,0.1],"maxtime":-1.0,"rhobeg":1.0,"rhoend":1.0e-6,"fitlog":[[[0.5,0.5],6.873738549882554e7],[[0.6,0.5],6.874165630347353e7],[[0.5,0.6],6.873682909986942e7],[[0.4,0.5],6.874960692065412e7],[[0.5,0.4],6.874336456752759e7],[[0.52410413533878,0.5602606092974204],6.873672179963557e7],[[0.5152166175632537,0.5627821455829913],6.8736604862441e7],[[0.5239975999720253,0.5675669494386204],6.873671929181528e7],[[0.5120769455108534,0.5676460186059576],6.873659027934234e7],[[0.5119011929600826,0.5666615842298321],6.873658887978289e7],[[0.511552383649894,0.5657243905117963],6.873658740171395e7],[[0.5112514125368761,0.5637471660963269],6.873658637866534e7],[[0.5113088230426822,0.5617479902576816],6.873658728788583e7],[[0.5102862925586665,0.5640089740940291],6.873658514321917e7],[[0.5098016822266482,0.5646951548247049],6.873658507116646e7],[[0.508846539729358,0.5649913014266947],6.873658584002987e7],[[0.5099147949514251,0.5643242822603401],6.873658502412413e7],[[0.5099072320748808,0.5642083595236157],6.873658501687427e7],[[0.5100052857502979,0.5641887259621156],6.873658503030486e7],[[0.509852576944656,0.5641614812004455],6.873658501319863e7],[[0.5098475882547416,0.5641047164271592],6.87365850121993e7],[[0.5097750908268952,0.5640358388331561],6.873658501630983e7],[[0.5099224492248013,0.5640384153324344],6.873658501568116e7],[[0.5098510797580021,0.5640787008193489],6.873658501204611e7],[[0.5098592201375295,0.5640845089361822],6.873658501209721e7],[[0.5098502087620501,0.564078209529158],6.873658501204522e7]],"nAGQ":1,"REML":false,"sigma":null}