{"initial":[0.5,0.5],"finitial":6.890767104240999e7,"final":[0.509841459237153,0.5633272777177316],"fmin":6.890679194013321e7,"feval":23,"returnvalue":"FTOL_REACHED","xtol_zero_abs":0.001,"ftol_zero_abs":1.0e-5,"maxfeval":-1,"optimizer":"LN_BOBYQA","backend":"nlopt","ftol_rel":1.0e-12,"ftol_abs":1.0e-8,"xtol_rel":0.0,"xtol_abs":[1.0e-10,1.0e-10],"initial_step":[0.1,0.1],"maxtime":-1.0,"rhobeg":1.0,"rhoend":1.0e-6,"fitlog":[[[0.5,0.5],6.890767104240999e7],[[0.6,0.5],6.891194400114378e7],[[0.5,0.6],6.890706976292613e7],[[0.4,0.5],6.891988994810049e7],[[0.5,0.4],6.89142887178052e7],[[0.5240905053312211,0.5599940145680719],6.890692834748471e7],[[0.5151958269901187,0.5616109997953054],6.890681195608477e7],[[0.5063778095286604,0.5568947970802582],6.890680746452731e7],[[0.511654768710685,0.5555536690183428],6.890680470710333e7],[[0.508432937375568,0.5650204426423426],6.890679381261112e7],[[0.5081416838992845,0.5640329048388146],6.890679404401964e7],[[0.5075070461272697,0.5653982327908702],6.890679648124304e7],[[0.509263679570813,0.5644637852925847],6.890679239256331e7],[[0.5100081760791841,0.5629253600399652],6.890679198675811e7],[[0.510965058401863,0.5632158358918784],6.890679280872497e7],[[0.5098771365533361,0.5632939564164583],6.890679194109522e7],[[0.5098716564340404,0.5631941066879034],6.890679194382562e7],[[0.509777145794384,0.5632925969591487],6.890679194351678e7],[[0.5098306949002416,0.563382518106019],6.890679194070446e7],[[0.5098397471073385,0.56332777063386],6.890679194014001e7],[[0.509939256034174,0.5633178724784745],6.890679194636056e7],[[0.5098420691366934,0.5633180439602418],6.8906791940154e7],[[0.509841459237153,0.5633272777177316],6.890679194013321e7]],"nAGQ":1,"REML":false,"sigma":null}