{"initial":[0.5,0.5],"finitial":6.3261703402326815e7,"ftol_rel":1.0e-12,"ftol_abs":1.0e-8,"xtol_rel":0.0,"xtol_abs":[1.0e-10,1.0e-10],"initial_step":[0.1,0.1],"maxfeval":-1,"maxtime":-1.0,"feval":22,"final":[0.5058576964450566,0.5670959468310138],"fmin":6.3261030344686806e7,"optimizer":"LN_BOBYQA","returnvalue":"FTOL_REACHED","nAGQ":1,"REML":false,"sigma":null,"fitlog":[[[0.5,0.5],6.3261703402326815e7],[[0.6,0.5],6.32692083188108e7],[[0.5,0.6],6.326118439136249e7],[[0.4,0.5],6.3279002709949814e7],[[0.5,0.4],6.3266606529566236e7],[[0.51974339349776,0.561838439762079],6.326123714158154e7],[[0.5,0.62],6.3261352517671674e7],[[0.509670830751994,0.5850568194912227],6.326108171839267e7],[[0.5017688410914216,0.5789283156440993],6.3261064797894396e7],[[0.49397346357741284,0.5851918681036933],6.326122777767802e7],[[0.5066141015341721,0.5701805472862884],6.326103206319621e7],[[0.506159191874464,0.5692900096949963],6.326103099912517e7],[[0.5063297794942778,0.5683046671840052],6.3261030757094756e7],[[0.5060179980789232,0.5673545133285484],6.3261030380571656e7],[[0.5061669427356065,0.5658021662530935],6.326103064593565e7],[[0.5069458694220295,0.5669816128449843],6.326103164296874e7],[[0.5059102622951545,0.567200372385766],6.326103034897555e7],[[0.5058551485916845,0.5671154239485456],6.32610303447372e7],[[0.5057558927378707,0.5671276007906524],6.326103035618115e7],[[0.5058180813299895,0.5670225475892801],6.326103034702695e7],[[0.5059544044454983,0.5671032471064388],6.3261030354973614e7],[[0.5058576964450566,0.5670959468310138],6.3261030344686806e7]]}