{"initial":[0.5,0.5],"finitial":7.04787962322602e7,"ftol_rel":1.0e-12,"ftol_abs":1.0e-8,"xtol_rel":0.0,"xtol_abs":[1.0e-10,1.0e-10],"initial_step":[0.1,0.1],"maxfeval":-1,"maxtime":-1.0,"feval":23,"final":[0.5304143781072328,0.5658150497839479],"fmin":7.047676732702257e7,"optimizer":"LN_BOBYQA","returnvalue":"FTOL_REACHED","nAGQ":1,"REML":false,"sigma":null,"fitlog":[[[0.5,0.5],7.04787962322602e7],[[0.6,0.5],7.048298993241793e7],[[0.5,0.6],7.047827310945301e7],[[0.4,0.5],7.0511218124197e7],[[0.5,0.4],7.048402690814085e7],[[0.5385466821159036,0.5611124144332734],7.047685839153756e7],[[0.5255070994848277,0.6602586159984738],7.047770973562035e7],[[0.5352291641668765,0.5657211715920331],7.0476798468526e7],[[0.533149819014345,0.5559397441023134],7.047679040049012e7],[[0.5239304138124825,0.5520664292785646],7.047685047460568e7],[[0.5283742767503805,0.5647257668706136],7.047677316544811e7],[[0.5303949721457106,0.5674134622193114],7.047676765515767e7],[[0.5306687374399783,0.5683752587485495],7.047676825113513e7],[[0.5304182563627611,0.5664137333334447],7.047676737312774e7],[[0.5304199114199717,0.565893879250804],7.047676732786751e7],[[0.5299950546107597,0.5649886186851844],7.047676765352839e7],[[0.5304085273609721,0.565830097563592],7.047676732710001e7],[[0.5303123867943069,0.5658576110410404],7.047676734142885e7],[[0.5305085018423159,0.5658278385638064],7.047676733908272e7],[[0.5304144383856179,0.5658118898109207],7.047676732702605e7],[[0.5304098992867495,0.5658029793349815],7.047676732706976e7],[[0.5304053124235469,0.5658159784312602],7.047676732713673e7],[[0.5304143781072328,0.5658150497839479],7.047676732702257e7]]}