{"initial":[0.5,0.5],"finitial":8.579721459653594e7,"ftol_rel":1.0e-12,"ftol_abs":1.0e-8,"xtol_rel":0.0,"xtol_abs":[1.0e-10,1.0e-10],"initial_step":[0.375,0.375],"maxfeval":-1,"maxtime":-1.0,"feval":40,"final":[0.5467373054969024,0.5501643796340053],"fmin":8.579285235057595e7,"optimizer":"LN_BOBYQA","returnvalue":"FTOL_REACHED","xtol_zero_abs":0.001,"ftol_zero_abs":1.0e-5,"fitlog":[[[0.5,0.5],8.579721459653594e7],[[0.875,0.5],8.587951150754902e7],[[0.5,0.875],8.580607445367001e7],[[0.125,0.5],8.726249694482498e7],[[0.5,0.125],8.603153301690975e7],[[0.6675583127200722,0.6738374045604464],8.581210813868506e7],[[0.6653852815345535,0.411659982727325],8.581486226427513e7],[[0.584981752620536,0.5395874250430869],8.579495806537673e7],[[0.6223436410192739,0.542802902500675],8.580033324524243e7],[[0.579242833386513,0.5025291627251454],8.57948461959734e7],[[0.5632315966608945,0.46861913030823066],8.579476468035488e7],[[0.5604366530427612,0.43122343148909564],8.579673624484646e7],[[0.5566185259770311,0.4861642092801312],8.579387883310069e7],[[0.550896999871762,0.5040199265445461],8.579331140237518e7],[[0.5409563450770561,0.5199179101353193],8.579308184034574e7],[[0.5276936804500342,0.5331717483337861],8.579350029740877e7],[[0.5368607105693506,0.5179261191217873],8.579320986605246e7],[[0.544842578435019,0.5209268459322968],8.579302283553527e7],[[0.5482339893721169,0.5193265859984942],8.579304047758044e7],[[0.5448657489941923,0.5219268679434865],8.579301117824127e7],[[0.5457266484904789,0.5237327404882691],8.579298769010663e7],[[0.547255721187078,0.5273470677351237],8.579295155591033e7],[[0.5483999712741784,0.5289099264607507],8.579294209719333e7],[[0.5500037208303548,0.5302499671876596],8.579294375968409e7],[[0.5464780261871713,0.5293055061268602],8.579293450467117e7],[[0.5464856541141822,0.5312677237509885],8.579291942174868e7],[[0.5461497566176775,0.5351777873861078],8.579289454207693e7],[[0.5447986942528653,0.5429095614077505],8.579286777006982e7],[[0.5444916458455988,0.5463144732928782],8.579286292049646e7],[[0.5448777546525245,0.547823795367552],8.579285875158681e7],[[0.5475577234473166,0.5493145557376014],8.579285353237857e7],[[0.546922262133433,0.5491057481926476],8.579285260508916e7],[[0.5466875137760161,0.549973035506247],8.5792852360996e7],[[0.5466560665855995,0.5502947084396757],8.579285236398916e7],[[0.546324204804034,0.5500659418616666],8.57928526195544e7],[[0.5467324244631034,0.5501612631586945],8.579285235061918e7],[[0.5467332124773951,0.5501877338856831],8.579285235070057e7],[[0.5467585993035078,0.5501344093371823],8.579285235144219e7],[[0.5466959068047487,0.5501527361059633],8.57928523533022e7],[[0.5467373054969024,0.5501643796340053],8.579285235057595e7]],"nAGQ":1,"REML":false,"sigma":null}