{"initial":[0.5,0.5],"finitial":5.9680179166218415e7,"ftol_rel":1.0e-12,"ftol_abs":1.0e-8,"xtol_rel":0.0,"xtol_abs":[1.0e-10,1.0e-10],"initial_step":[0.1,0.1],"maxfeval":-1,"maxtime":-1.0,"feval":22,"final":[0.49569460798435516,0.5714480069401998],"fmin":5.967944469427113e7,"optimizer":"LN_BOBYQA","returnvalue":"FTOL_REACHED","nAGQ":1,"REML":false,"sigma":null,"fitlog":[[[0.5,0.5],5.9680179166218415e7],[[0.6,0.5],5.968716161117318e7],[[0.5,0.6],5.967954692583133e7],[[0.4,0.5],5.969119114925553e7],[[0.5,0.4],5.96852724613448e7],[[0.5111966273230919,0.5641724418109417],5.967964945558604e7],[[0.5,0.62],5.967969803512692e7],[[0.5059980649151771,0.5900626115928503],5.96795712199535e7],[[0.49292893218813455,0.5929289321881346],5.967950143151441e7],[[0.49520540656475176,0.5831914959540632],5.967946024758366e7],[[0.49448898908795624,0.5667765936251641],5.967944846136299e7],[[0.49496644451519317,0.5713055668588832],5.96794451564249e7],[[0.49508120534206734,0.5719095525828618],5.967944504745619e7],[[0.4941797195662508,0.5723423613119796],5.967944678900454e7],[[0.49577692976080184,0.5717917872687395],5.967944471478129e7],[[0.4966734518398785,0.5713487882148713],5.9679445522445045e7],[[0.4957268577546632,0.5727905328790934],5.967944490530803e7],[[0.49569210885563314,0.5715502957865441],5.967944469583182e7],[[0.4956831271464939,0.5714589932982597],5.967944469444217e7],[[0.495658415404748,0.5713620947439884],5.967944469595434e7],[[0.49569306579754147,0.5714578873075934],5.967944469432042e7],[[0.49569460798435516,0.5714480069401998],5.967944469427113e7]]}