{"initial":[0.5,0.5],"finitial":8.061038039474109e7,"final":[0.5155903909415416,0.5557509654497773],"fmin":8.060948892062496e7,"feval":24,"returnvalue":"FTOL_REACHED","xtol_zero_abs":0.001,"ftol_zero_abs":1.0e-5,"maxfeval":-1,"optimizer":"LN_BOBYQA","backend":"nlopt","ftol_rel":1.0e-12,"ftol_abs":1.0e-8,"xtol_rel":0.0,"xtol_abs":[1.0e-10,1.0e-10],"initial_step":[0.1,0.1],"maxtime":-1.0,"rhobeg":1.0,"rhoend":1.0e-6,"fitlog":[[[0.5,0.5],8.061038039474109e7],[[0.6,0.5],8.061752473044084e7],[[0.5,0.6],8.061009228092179e7],[[0.4,0.5],8.063561520451184e7],[[0.5,0.4],8.06159170549572e7],[[0.5279353790968293,0.5554894021604995],8.060968274018367e7],[[0.5220542601467437,0.649462373807074],8.06105982601123e7],[[0.5263539670906715,0.5697418569475148],8.060966537151267e7],[[0.5175990497755034,0.5649095259567227],8.060950667787208e7],[[0.514572570084855,0.5734768706186308],8.060953615647008e7],[[0.5164131114706711,0.5600522067025321],8.060949259995757e7],[[0.5162730891035927,0.5537576256465739],8.060949014790809e7],[[0.516306222908427,0.5552598499597201],8.060948963213919e7],[[0.5168762663382056,0.5560814645215229],8.06094911068627e7],[[0.5155538762442091,0.5558379320595054],8.060948892357302e7],[[0.5145542721987795,0.5558660701539796],8.060949034187025e7],[[0.5155738539235594,0.555935916202752],8.060948892628159e7],[[0.5155942620956749,0.5557520268707227],8.060948892064388e7],[[0.5156264834522688,0.5556573601702454],8.060948892366001e7],[[0.5156911154071027,0.5557769153432647],8.060948893409094e7],[[0.5154948579716184,0.5557629273349585],8.060948893268229e7],[[0.5155931590604856,0.5557619658502161],8.060948892065355e7],[[0.5156041713035279,0.5557533713407768],8.060948892087623e7],[[0.5155903909415416,0.5557509654497773],8.060948892062496e7]],"nAGQ":1,"REML":false,"sigma":null}