{"initial":[0.5,0.5],"finitial":5.3607129278608076e7,"ftol_rel":1.0e-12,"ftol_abs":1.0e-8,"xtol_rel":0.0,"xtol_abs":[1.0e-10,1.0e-10],"initial_step":[0.1,0.1],"maxfeval":-1,"maxtime":-1.0,"feval":22,"final":[0.4993303994904866,0.5724850589235339],"fmin":5.360630372726002e7,"optimizer":"LN_BOBYQA","returnvalue":"FTOL_REACHED","nAGQ":1,"REML":false,"sigma":null,"fitlog":[[[0.5,0.5],5.3607129278608076e7],[[0.6,0.5],5.3611451803305306e7],[[0.5,0.6],5.360639446667429e7],[[0.4,0.5],5.361514231887997e7],[[0.5,0.4],5.361278509392734e7],[[0.5149588429224836,0.5649321566401337],5.36064442225373e7],[[0.5,0.62],5.360656079358995e7],[[0.508415712919516,0.5872952460372923],5.360637644479757e7],[[0.5030047830066642,0.5833706433257144],5.360632607403e7],[[0.49523181098840974,0.5770793075372324],5.360631615963986e7],[[0.49891770749258896,0.5767529217498137],5.360630613896822e7],[[0.499479268459467,0.5724250316089514],5.3606303740385674e7],[[0.4989644297279369,0.5715677445622066],5.360630391151846e7],[[0.5003793648177162,0.5719893407255643],5.3606304386242166e7],[[0.4997858515537809,0.573376875507015],5.3606303946902715e7],[[0.49933908541341165,0.5724702793315515],5.3606303727330916e7],[[0.49927255533410336,0.5725449368733488],5.360630372964586e7],[[0.4993985267626069,0.572550695287716],5.3606303730462134e7],[[0.499330885176953,0.5724855571038946],5.3606303727260165e7],[[0.49932717711159436,0.5724762700025547],5.360630372727545e7],[[0.4993401445070343,0.5724817802260245],5.3606303727316305e7],[[0.4993303994904866,0.5724850589235339],5.360630372726002e7]]}