{"initial":[0.5,0.5],"finitial":8.510136922572404e7,"ftol_rel":1.0e-12,"ftol_abs":1.0e-8,"xtol_rel":0.0,"xtol_abs":[1.0e-10,1.0e-10],"initial_step":[0.375,0.375],"maxfeval":-1,"maxtime":-1.0,"feval":40,"final":[0.5421348873914457,0.5508894110782214],"fmin":8.509788972420551e7,"optimizer":"LN_BOBYQA","returnvalue":"FTOL_REACHED","xtol_zero_abs":0.001,"ftol_zero_abs":1.0e-5,"fitlog":[[[0.5,0.5],8.510136922572404e7],[[0.875,0.5],8.518200687724513e7],[[0.5,0.875],8.51089171590745e7],[[0.125,0.5],8.65421825153034e7],[[0.5,0.125],8.532866548388572e7],[[0.6676248147386625,0.6754474344747601],8.511738720389496e7],[[0.6652414050841724,0.4113911514248807],8.5119856766129e7],[[0.5844057090673416,0.5408012104825248],8.5100349738709e7],[[0.6217586829027795,0.5441186410619183],8.510582536291064e7],[[0.5787792610887241,0.5037257053188199],8.510015492617355e7],[[0.5625880001886244,0.46990126045323627],8.509980516312355e7],[[0.5586726011318939,0.4326062252578305],8.510144996761206e7],[[0.5549119640196236,0.48700801259185655],8.509890259117657e7],[[0.5485349404077996,0.5046402577652382],8.509833438895409e7],[[0.5381953053921976,0.5202816914509378],8.509807285757169e7],[[0.5239141249252197,0.53243119285921],8.509847330974095e7],[[0.5420664930516015,0.5223372905055992],8.509802800840826e7],[[0.5450132042378371,0.5211081070690222],8.509805358967912e7],[[0.5387544655438629,0.5205786052614515],8.509806341019714e7],[[0.5410058009282175,0.5259341547259155],8.509799609152871e7],[[0.5393556947530344,0.5328141517518536],8.509795508654542e7],[[0.5387408006556772,0.5361659472997445],8.509794247466624e7],[[0.5371634708710851,0.5430629930598461],8.509793728354959e7],[[0.537625884363111,0.5411627042261523],8.509793591654211e7],[[0.5377527154326205,0.5407182763295516],8.50979356182943e7],[[0.538013483560299,0.5398177730071885],8.509793532842332e7],[[0.5383456587472089,0.5399917978479478],8.509793067354275e7],[[0.5387055922520673,0.5400970255633101],8.509792632312529e7],[[0.5394217945640903,0.540319633398421],8.509791883305986e7],[[0.5407277987267497,0.5410574363037531],8.509790822624856e7],[[0.5418394115451226,0.5438438886973944],8.50978977888333e7],[[0.5415976883783898,0.5498390175459401],8.50978903207585e7],[[0.5415118153540677,0.5510433034787866],8.509789029494007e7],[[0.5417609399634689,0.5515891394697131],8.509788999588872e7],[[0.5416336701934525,0.5521754861296678],8.509789033939515e7],[[0.5420950740351723,0.5517593729039346],8.509788983790638e7],[[0.5421349348902198,0.5513864974391547],8.509788975974245e7],[[0.5421349979720764,0.5509301496774757],8.509788972422513e7],[[0.5420284535157616,0.5505706037432355],8.50978897551792e7],[[0.5421348873914457,0.5508894110782214],8.509788972420551e7]],"nAGQ":1,"REML":false,"sigma":null}