{"initial":[0.5,0.5],"finitial":8.2054252417287e7,"ftol_rel":1.0e-12,"ftol_abs":1.0e-8,"xtol_rel":0.0,"xtol_abs":[1.0e-10,1.0e-10],"initial_step":[0.375,0.375],"maxfeval":-1,"maxtime":-1.0,"feval":39,"final":[0.5154560039843957,0.5557843446238278],"fmin":8.205328536803007e7,"optimizer":"LN_BOBYQA","returnvalue":"FTOL_REACHED","xtol_zero_abs":0.001,"ftol_zero_abs":1.0e-5,"fitlog":[[[0.5,0.5],8.2054252417287e7],[[0.875,0.5],8.213083773872334e7],[[0.5,0.875],8.20626016763051e7],[[0.125,0.5],8.33176808515053e7],[[0.5,0.125],8.22936363946155e7],[[0.6660677606536256,0.6748615176632793],8.207571859630267e7],[[0.6678265761382252,0.4163908477394937],8.20795198284395e7],[[0.5817141555170339,0.5459549702223601],8.205821022434229e7],[[0.5308397179608385,0.47866547877040744],8.205488619139455e7],[[0.5122149328595167,0.5142252562450559],8.205363735715961e7],[[0.5125090007392061,0.5235956430610915],8.205349439727274e7],[[0.5195059264715806,0.5298353269710052],8.20534336623664e7],[[0.5231360341176493,0.5307759748742896],8.205348028522755e7],[[0.5184951487065578,0.5334465356758208],8.205339046387526e7],[[0.5187424730579827,0.5371883708759856],8.205336343092054e7],[[0.520147968467419,0.5445554993976046],8.205333736749946e7],[[0.5186971945524347,0.5519138453426933],8.205330201690151e7],[[0.5204100472622785,0.5619983983271746],8.205332438193354e7],[[0.5113724799798594,0.5531288339157335],8.205330919225152e7],[[0.5149974245881089,0.5584377783750805],8.205328687563112e7],[[0.5151713276137326,0.5509397947969656],8.205328962226008e7],[[0.5159629523333034,0.5564861240934503],8.205328579919331e7],[[0.5158620092145417,0.5593119225311718],8.205328774198006e7],[[0.5160007504554087,0.55558871645016],8.2053285774165e7],[[0.5159795210613345,0.5559191643399157],8.205328573990038e7],[[0.5163543051391326,0.5559318881376603],8.205328645406497e7],[[0.5156350674358374,0.5559001716085845],8.205328541397874e7],[[0.5156059564472757,0.5556575857782187],8.205328540147853e7],[[0.5158447219280549,0.5553684213869319],8.205328560228138e7],[[0.5152651817760808,0.5555010686115179],8.205328542992197e7],[[0.5154640731382226,0.5555508273015826],8.205328537753558e7],[[0.5154626729440822,0.5555890921566601],8.205328537465832e7],[[0.5154988670479617,0.5555792821187214],8.205328537789088e7],[[0.5154564828601056,0.5556260777330428],8.205328537230958e7],[[0.5154519284450824,0.5557009393206817],8.205328536920089e7],[[0.5154502308431695,0.5558509297141998],8.205328536886942e7],[[0.5154576189641843,0.5557858888166772],8.205328536803778e7],[[0.5154831165845503,0.5557583911557645],8.205328536921139e7],[[0.5154560039843957,0.5557843446238278],8.205328536803007e7]],"nAGQ":1,"REML":false,"sigma":null}