{"initial":[0.5,0.5],"finitial":7.632337554022849e7,"final":[0.5066036365115817,0.5594213470713304],"fmin":7.632269733679244e7,"feval":21,"returnvalue":"FTOL_REACHED","xtol_zero_abs":0.001,"ftol_zero_abs":1.0e-5,"maxfeval":-1,"optimizer":"LN_BOBYQA","backend":"nlopt","ftol_rel":1.0e-12,"ftol_abs":1.0e-8,"xtol_rel":0.0,"xtol_abs":[1.0e-10,1.0e-10],"initial_step":[0.1,0.1],"maxtime":-1.0,"rhobeg":1.0,"rhoend":1.0e-6,"fitlog":[[[0.5,0.5],7.632337554022849e7],[[0.6,0.5],7.633030099605085e7],[[0.5,0.6],7.632296745413439e7],[[0.4,0.5],7.634036311995128e7],[[0.5,0.4],7.632911197702503e7],[[0.5210389933169044,0.5576587694182495],7.632290541090746e7],[[0.5089350939852139,0.5518928924764246],7.632271173054732e7],[[0.5176234455482602,0.5469418777201438],7.632284418765838e7],[[0.5070314653625975,0.5617100304538167],7.632269831076807e7],[[0.5071744120086269,0.5605956414614687],7.632269788122112e7],[[0.507144894292967,0.5600152145102184],7.632269769354354e7],[[0.5065571148867459,0.5596365612459137],7.632269734606092e7],[[0.505566312127226,0.5597718752944368],7.632269847982162e7],[[0.5066051359711383,0.5595545451413976],7.63226973394677e7],[[0.5066123282249817,0.5594546272088912],7.632269733703402e7],[[0.5066416915162587,0.559359035383271],7.632269733888449e7],[[0.506516632732073,0.5594836508653969],7.632269734528227e7],[[0.5066047682479641,0.5594248762902589],7.632269733679691e7],[[0.506598017913497,0.5594174984189818],7.632269733682835e7],[[0.5065964485103501,0.5594304244400436],7.632269733685985e7],[[0.5066036365115817,0.5594213470713304],7.632269733679244e7]],"nAGQ":1,"REML":false,"sigma":null}