{"initial":[0.5,0.5],"finitial":6.337923199356121e7,"ftol_rel":1.0e-12,"ftol_abs":1.0e-8,"xtol_rel":0.0,"xtol_abs":[1.0e-10,1.0e-10],"initial_step":[0.1,0.1],"maxfeval":-1,"maxtime":-1.0,"feval":26,"final":[0.505888463336179,0.5631331470394797],"fmin":6.3378562419392936e7,"optimizer":"LN_BOBYQA","returnvalue":"FTOL_REACHED","nAGQ":1,"REML":false,"sigma":null,"fitlog":[[[0.5,0.5],6.337923199356121e7],[[0.6,0.5],6.3386732964202106e7],[[0.5,0.6],6.3378765649725534e7],[[0.4,0.5],6.339654285195274e7],[[0.5,0.4],6.3384454162610866e7],[[0.5197685703416135,0.5598057395865396],6.33787672390762e7],[[0.5,0.62],6.3378973131132334e7],[[0.5110746430144869,0.5826193654326808],6.337863917055408e7],[[0.5030508982704852,0.576651156297345],6.337859484305017e7],[[0.4952064954202784,0.5828531998253821],6.337874132680589e7],[[0.5068531234788235,0.5674022058993227],6.3378565823162094e7],[[0.5068130965456615,0.5659378202210646],6.337856438789347e7],[[0.5068065426660884,0.5630079623188919],6.3378563345277056e7],[[0.5058357292465067,0.5632477983136049],6.3378562424265064e7],[[0.5055746644157487,0.5622824770436946],6.337856262254346e7],[[0.5048649158269248,0.5634876343083179],6.337856359096385e7],[[0.5059069288761668,0.5630143523447952],6.337856242157646e7],[[0.5058964430390412,0.5631745621702925],6.337856241972016e7],[[0.5058920122684696,0.5632468006937551],6.337856242119667e7],[[0.5057965351564374,0.5631702709008284],6.337856242886074e7],[[0.505894100975261,0.5630745896003683],6.337856241984738e7],[[0.505890327448341,0.5631333069469011],6.337856241940079e7],[[0.5059002351610505,0.5631319515027435],6.337856241955137e7],[[0.5058920642975856,0.5631431549596296],6.337856241943139e7],[[0.5058810238879848,0.5631369735208741],6.33785624194566e7],[[0.505888463336179,0.5631331470394797],6.3378562419392936e7]]}