{"initial":[0.5,0.5],"finitial":6.738248321760778e7,"ftol_rel":1.0e-12,"ftol_abs":1.0e-8,"xtol_rel":0.0,"xtol_abs":[1.0e-10,1.0e-10],"initial_step":[0.1,0.1],"maxfeval":-1,"maxtime":-1.0,"feval":19,"final":[0.5017578539996743,0.5739453530280851],"fmin":6.738171768673278e7,"optimizer":"LN_BOBYQA","returnvalue":"FTOL_REACHED","nAGQ":1,"REML":false,"sigma":null,"fitlog":[[[0.5,0.5],6.738248321760778e7],[[0.6,0.5],6.739131249501733e7],[[0.5,0.6],6.738179285206348e7],[[0.4,0.5],6.739968695241034e7],[[0.5,0.4],6.738764905492634e7],[[0.5160843035081224,0.5654255367730456],6.738196155370723e7],[[0.5,0.62],6.73819333914092e7],[[0.5054810259480276,0.5916462636659524],6.738176760044949e7],[[0.49793226521394135,0.5850875891520344],6.738174903784958e7],[[0.5019251677071578,0.5759193434267244],6.738171815714088e7],[[0.5019172478450987,0.5732233497934636],6.73817177761779e7],[[0.501955349248467,0.5738938341459718],6.738171773402904e7],[[0.5010976133596763,0.5744079247460421],6.73817182322599e7],[[0.5029039494561475,0.5735773572179209],6.738171926954883e7],[[0.5016171260767447,0.5748349000767706],6.738171779969509e7],[[0.5017598402754347,0.5739512663458982],6.738171768674988e7],[[0.5018576225122902,0.5739722099405168],6.738171769891964e7],[[0.5017587775874459,0.5739612097202872],6.738171768677163e7],[[0.5017578539996743,0.5739453530280851],6.738171768673278e7]]}