{"initial":[0.5,0.5],"finitial":6.33792319935597e7,"ftol_rel":1.0e-12,"ftol_abs":1.0e-8,"xtol_rel":0.0,"xtol_abs":[1.0e-10,1.0e-10],"initial_step":[0.375,0.375],"maxfeval":-1,"maxtime":-1.0,"feval":31,"final":[0.5058878264808223,0.5631286156148376],"fmin":6.337856241939353e7,"optimizer":"LN_BOBYQA","returnvalue":"FTOL_REACHED","xtol_zero_abs":0.001,"ftol_zero_abs":1.0e-5,"fitlog":[[[0.5,0.5],6.33792319935597e7],[[0.875,0.5],6.3443892454940684e7],[[0.5,0.875],6.338517887879993e7],[[0.125,0.5],6.432417351900276e7],[[0.5,0.125],6.3583194413431935e7],[[0.6634829384903004,0.6768759737621428],6.339793451801257e7],[[0.6713114246331281,0.42378552768556305],6.3402134153007865e7],[[0.580449274714207,0.547918334141678],6.338356324306544e7],[[0.5309763953119756,0.47886441546878306],6.338041214103915e7],[[0.5117181442578379,0.5146371990200482],6.337895710709084e7],[[0.5119999652816252,0.5240079621645606],6.337882968092051e7],[[0.5179856686404433,0.5312233609962423],6.3378866092005804e7],[[0.510289171083409,0.527344979277395],6.3378771409676515e7],[[0.509211766122084,0.5309368727264427],6.337872498921367e7],[[0.5086885791429293,0.5384186021645369],6.3378657849650465e7],[[0.5094646383438656,0.553398513116096],6.3378589314801894e7],[[0.5100687081899276,0.5603471697981949],6.337858244486325e7],[[0.5138108735412481,0.5601048920993122],6.3378631063542366e7],[[0.5074816761939472,0.5620551289709953],6.337856535316937e7],[[0.5069989583859565,0.5647763228957203],6.337856412318407e7],[[0.5106358265970576,0.5656904835025516],6.337858766608625e7],[[0.5066913107291383,0.5643193967691114],6.337856331055773e7],[[0.5059156208876006,0.5636239605299918],6.337856245244326e7],[[0.5057847122786518,0.5639753690331659],6.337856252590396e7],[[0.5059133365590203,0.5633710503060783],6.337856242773578e7],[[0.5058742009485923,0.5631715498042907],6.337856241983715e7],[[0.5058434006393935,0.5631929411799655],6.337856242212826e7],[[0.5058882520443305,0.5631367817628079],6.337856241939836e7],[[0.5059237647038035,0.5631488275511652],6.33785624208168e7],[[0.5059008979278695,0.5631014783404593],6.337856241967913e7],[[0.5058878264808223,0.5631286156148376],6.337856241939353e7]],"nAGQ":1,"REML":false,"sigma":null}