{"initial":[0.5,0.5],"finitial":7.649760028694369e7,"final":[0.506604594710953,0.5586163841501566],"fmin":7.649685609576637e7,"feval":21,"returnvalue":"FTOL_REACHED","xtol_zero_abs":0.001,"ftol_zero_abs":1.0e-5,"maxfeval":-1,"optimizer":"LN_BOBYQA","backend":"nlopt","ftol_rel":1.0e-12,"ftol_abs":1.0e-8,"xtol_rel":0.0,"xtol_abs":[1.0e-10,1.0e-10],"initial_step":[0.1,0.1],"maxtime":-1.0,"rhobeg":1.0,"rhoend":1.0e-6,"fitlog":[[[0.5,0.5],7.649760028694369e7],[[0.6,0.5],7.650452768968129e7],[[0.5,0.6],7.649716938631378e7],[[0.4,0.5],7.651458835391788e7],[[0.5,0.4],7.650395213160868e7],[[0.5210338002093018,0.557277566336629],7.64970638505218e7],[[0.5089304201883715,0.5515498097029661],7.649687052496901e7],[[0.5176329481449189,0.5466237557887755],7.649700450517151e7],[[0.5070510270001061,0.561083325112768],7.649685734521602e7],[[0.5071901855838291,0.5597046072828555],7.649685665435609e7],[[0.5070855046731143,0.5590652022205568],7.649685637019913e7],[[0.5065542374454964,0.5588017603655242],7.649685610437049e7],[[0.505559732203716,0.5589064471558614],7.649685725147101e7],[[0.5066054069172998,0.558713529045028],7.64968560973913e7],[[0.5066104634572794,0.5586362909213769],7.649685609586631e7],[[0.5066415763840881,0.5585412541611975],7.649685609816457e7],[[0.5065136134570386,0.5586611922758251],7.649685610476936e7],[[0.5066055700964492,0.5586187905314486],7.649685609577018e7],[[0.5065982479317397,0.5586119798116653],7.649685609581284e7],[[0.5065964890084037,0.5586229778742705],7.649685609584482e7],[[0.506604594710953,0.5586163841501566],7.649685609576637e7]],"nAGQ":1,"REML":false,"sigma":null}