{"initial":[0.5,0.5],"finitial":5.9795981738048464e7,"ftol_rel":1.0e-12,"ftol_abs":1.0e-8,"xtol_rel":0.0,"xtol_abs":[1.0e-10,1.0e-10],"initial_step":[0.1,0.1],"maxfeval":-1,"maxtime":-1.0,"feval":29,"final":[0.49573586541586606,0.5674704040336435],"fmin":5.979524669775599e7,"optimizer":"LN_BOBYQA","returnvalue":"FTOL_REACHED","nAGQ":1,"REML":false,"sigma":null,"fitlog":[[[0.5,0.5],5.9795981738048464e7],[[0.6,0.5],5.980295971400495e7],[[0.5,0.6],5.979538911734339e7],[[0.4,0.5],5.980700349727655e7],[[0.5,0.4],5.980140961599281e7],[[0.5112328965680261,0.5622562394460191],5.979544872303076e7],[[0.5,0.62],5.9795577320767045e7],[[0.507371293066089,0.5866490525995465],5.979540508843019e7],[[0.4901082966746604,0.598532278867269],5.979539132459578e7],[[0.4977222954818646,0.5902628514375067],5.979531398723994e7],[[0.4980421808569846,0.5764987578827477],5.979526163253125e7],[[0.49886030577432594,0.5655501084501133],5.979525556644593e7],[[0.49052594737251903,0.5600239461262008],5.97952779077767e7],[[0.4959717811085352,0.5654852322023419],5.979524726421965e7],[[0.4961464809622086,0.5645006104672952],5.9795248007224925e7],[[0.4959118305873089,0.5664834335522733],5.9795246852330565e7],[[0.4959410007508594,0.5672831585670305],5.979524673874522e7],[[0.49600079309647066,0.567363313887542],5.97952467599483e7],[[0.49587958970224427,0.5672042365605432],5.979524672489159e7],[[0.49583443826853374,0.5670093998390714],5.979524673396389e7],[[0.4957921512534493,0.5672527599329766],5.979524670666056e7],[[0.4957396088249781,0.567337843969143],5.9795246700045146e7],[[0.4957319837447236,0.5674107873903546],5.979524669822686e7],[[0.49573431212352703,0.5674740248947178],5.979524669776127e7],[[0.4956343262938791,0.5674757083048342],5.979524670672636e7],[[0.4957322054959832,0.5674838004826996],5.979524669779433e7],[[0.4957441805666016,0.567475641629478],5.979524669781764e7],[[0.49572431354056223,0.5674741932357295],5.97952466978743e7],[[0.49573586541586606,0.5674704040336435],5.979524669775599e7]]}