{"initial":[0.5,0.5],"finitial":5.349411423228487e7,"ftol_rel":1.0e-12,"ftol_abs":1.0e-8,"xtol_rel":0.0,"xtol_abs":[1.0e-10,1.0e-10],"initial_step":[0.1,0.1],"maxfeval":-1,"maxtime":-1.0,"feval":23,"final":[0.4993172940854213,0.5766613487289909],"fmin":5.3493290975508e7,"optimizer":"LN_BOBYQA","returnvalue":"FTOL_REACHED","nAGQ":1,"REML":false,"sigma":null,"fitlog":[[[0.5,0.5],5.349411423228487e7],[[0.6,0.5],5.349843718618895e7],[[0.5,0.6],5.3493348756144956e7],[[0.4,0.5],5.3502125600980066e7],[[0.5,0.4],5.349942844126949e7],[[0.5149518336391375,0.5668283380460701],5.349343527897276e7],[[0.5,0.62],5.349347973419584e7],[[0.506637919078696,0.5905682473892908],5.349334169667044e7],[[0.49901591704006865,0.5840948336899232],5.3493297115795515e7],[[0.49935353112715164,0.5744019871821848],5.349329155353801e7],[[0.49947564025196933,0.5763798802252782],5.349329099869225e7],[[0.5003266172465575,0.5758546772600527],5.349329162941638e7],[[0.500411532013192,0.5767321679078271],5.349329165692098e7],[[0.4993175344564911,0.576685322437798],5.349329097557017e7],[[0.4993134671459785,0.5767852396884867],5.349329097723139e7],[[0.4992536011604272,0.5766084294364623],5.34932909781927e7],[[0.4993947411517144,0.576621768317454],5.349329097905798e7],[[0.4992176260101624,0.5766810443129526],5.3493290981315844e7],[[0.49931806324510447,0.5766619877856252],5.349329097550906e7],[[0.49931769060121345,0.5766719808400397],5.349329097552078e7],[[0.4993082385246978,0.5766638518856576],5.349329097556342e7],[[0.4993190439349756,0.5766617922162598],5.349329097550922e7],[[0.4993172940854213,0.5766613487289909],5.3493290975508e7]]}