{"initial":[0.5,0.5],"finitial":6.748684015995145e7,"ftol_rel":1.0e-12,"ftol_abs":1.0e-8,"xtol_rel":0.0,"xtol_abs":[1.0e-10,1.0e-10],"initial_step":[0.1,0.1],"maxfeval":-1,"maxtime":-1.0,"feval":18,"final":[0.501738444667646,0.5715687618039033],"fmin":6.748604698048154e7,"optimizer":"LN_BOBYQA","returnvalue":"FTOL_REACHED","nAGQ":1,"REML":false,"sigma":null,"fitlog":[[[0.5,0.5],6.748684015995145e7],[[0.6,0.5],6.74956753089514e7],[[0.5,0.6],6.748614561961515e7],[[0.4,0.5],6.750403945998652e7],[[0.5,0.4],6.749235832655668e7],[[0.5160636221336574,0.5643987178436369],6.748628906548275e7],[[0.5,0.62],6.748631268906032e7],[[0.5063757626358574,0.589765463404172],6.748611205992e7],[[0.49873323426815946,0.5833162960045045],6.748607488372733e7],[[0.5020094686212382,0.5738682121530716],6.748604773807639e7],[[0.501943392665602,0.5708905119687377],6.748604708732924e7],[[0.5019757085230941,0.5714429227991409],6.748604704983842e7],[[0.5010812876340599,0.5718901489983501],6.748604751102568e7],[[0.5029554138354192,0.5712424795378368],6.748604876005739e7],[[0.5017122673510708,0.5724075982621246],6.748604707268898e7],[[0.5017404952737264,0.5715737500602255],6.748604698050863e7],[[0.5018368837722067,0.571600381946391],6.748604699247208e7],[[0.501738444667646,0.5715687618039033],6.748604698048154e7]]}