{"initial":[0.5,0.5],"finitial":8.07872039760795e7,"final":[0.515585745273926,0.5549511766745453],"fmin":8.078625528806505e7,"feval":25,"returnvalue":"FTOL_REACHED","xtol_zero_abs":0.001,"ftol_zero_abs":1.0e-5,"maxfeval":-1,"optimizer":"LN_BOBYQA","backend":"nlopt","ftol_rel":1.0e-12,"ftol_abs":1.0e-8,"xtol_rel":0.0,"xtol_abs":[1.0e-10,1.0e-10],"initial_step":[0.1,0.1],"maxtime":-1.0,"rhobeg":1.0,"rhoend":1.0e-6,"fitlog":[[[0.5,0.5],8.07872039760795e7],[[0.6,0.5],8.079435208125286e7],[[0.5,0.6],8.07869091765141e7],[[0.4,0.5],8.08124399460051e7],[[0.5,0.4],8.079333764498305e7],[[0.5279270979593603,0.5550489152662246],8.07864490137755e7],[[0.5236323180223929,0.6251513834063832],8.078706052704705e7],[[0.5265581557597442,0.5657787987421534],8.078642864275327e7],[[0.524976302476859,0.555904704343606],8.078636853278878e7],[[0.525247961883012,0.5459083949662883],8.078638988906801e7],[[0.515847963498084,0.5518213934947263],8.078625711152e7],[[0.5142622386487293,0.5616948668806295],8.078626545996694e7],[[0.5145427676553127,0.555597387646025],8.078625680102068e7],[[0.5124472211312235,0.5569607235420454],8.078626911197463e7],[[0.5157708905083508,0.5550840991515926],8.078625533628644e7],[[0.5157474694286373,0.5548719331470737],8.078625532367797e7],[[0.5158468490900077,0.5548830544287404],8.078625537875584e7],[[0.5156496590020768,0.5548927446932937],8.078625529406376e7],[[0.515590301657607,0.5549903699522154],8.078625528836517e7],[[0.5155055737288718,0.5550434847156268],8.078625529804513e7],[[0.5155984056732784,0.554890698868495],8.078625528891726e7],[[0.515587685617212,0.5549569542832136],8.078625528807575e7],[[0.515597302294775,0.554954212110234],8.078625528824477e7],[[0.5155959010129967,0.5549626557981089],8.078625528822705e7],[[0.515585745273926,0.5549511766745453],8.078625528806505e7]],"nAGQ":1,"REML":false,"sigma":null}