{"initial":[0.5,0.5],"finitial":6.32617034023303e7,"ftol_rel":1.0e-12,"ftol_abs":1.0e-8,"xtol_rel":0.0,"xtol_abs":[1.0e-10,1.0e-10],"initial_step":[0.375,0.375],"maxfeval":-1,"maxtime":-1.0,"feval":33,"final":[0.505852293301839,0.5670696150003767],"fmin":6.326103034480056e7,"optimizer":"LN_BOBYQA","returnvalue":"FTOL_REACHED","xtol_zero_abs":0.001,"ftol_zero_abs":1.0e-5,"fitlog":[[[0.5,0.5],6.32617034023303e7],[[0.875,0.5],6.332636960278293e7],[[0.5,0.875],6.326665011634364e7],[[0.125,0.5],6.420605051102365e7],[[0.5,0.125],6.346110885566978e7],[[0.6634667935497702,0.6784224463873727],6.32801979776444e7],[[0.6712116096191049,0.4235615624725672],6.328440559193638e7],[[0.5804525332693777,0.5481295376098677],6.326604749588561e7],[[0.5309448260935479,0.47881822155625076],6.3262855505898155e7],[[0.511735684121268,0.5146231398203607],6.326144039606943e7],[[0.5120179367714388,0.5239938899739754],6.32613160218603e7],[[0.5179788554877778,0.5312297778294636],6.326135261526741e7],[[0.51024890089912,0.527300400533833],6.326125774508815e7],[[0.5091790913023528,0.5308945634999024],6.326121137981343e7],[[0.5086637331422901,0.5383768362807395],6.32611430405755e7],[[0.509432860423796,0.5533571047437826],6.326106714476215e7],[[0.5102696334061401,0.5634663876775833],6.32610530315534e7],[[0.5140136523610612,0.5632546754550012],6.3261103484325446e7],[[0.5075407930663594,0.5653290005318214],6.326103381228849e7],[[0.5070378194700121,0.5679182902829255],6.326103194530506e7],[[0.510681833270058,0.5688035379460543],6.326105586481743e7],[[0.5067095294192865,0.5716538927300008],6.326103351610749e7],[[0.5065676950784591,0.5684765562407549],6.3261031115722306e7],[[0.5062606713363639,0.5686918732669972],6.3261030816126876e7],[[0.5059218481678428,0.5688525713082837],6.3261030705844685e7],[[0.5055468680626104,0.5688564340378792],6.3261030810539074e7],[[0.5058203413143647,0.5684915708114737],6.326103057180683e7],[[0.5058703557043646,0.5681199210290268],6.326103046631821e7],[[0.5059193243702996,0.5673715213565544],6.326103035762957e7],[[0.5059569774608936,0.5668054881564624],6.326103036542057e7],[[0.5063543451530034,0.5673912242652575],6.326103062503033e7],[[0.5058692902018201,0.5671030418666826],6.326103034484095e7],[[0.505852293301839,0.5670696150003767],6.326103034480056e7]],"nAGQ":1,"REML":false,"sigma":null}