{"initial":[0.5,0.5],"finitial":7.092009251760843e7,"ftol_rel":1.0e-12,"ftol_abs":1.0e-8,"xtol_rel":0.0,"xtol_abs":[1.0e-10,1.0e-10],"initial_step":[0.1,0.1],"maxfeval":-1,"maxtime":-1.0,"feval":23,"final":[0.5340167750009043,0.5650565337510036],"fmin":7.091767245841996e7,"optimizer":"LN_BOBYQA","returnvalue":"FTOL_REACHED","nAGQ":1,"REML":false,"sigma":null,"fitlog":[[[0.5,0.5],7.092009251760843e7],[[0.6,0.5],7.092354438598046e7],[[0.5,0.6],7.091959255516127e7],[[0.4,0.5],7.095504036890171e7],[[0.5,0.4],7.092528524560025e7],[[0.5410106938224811,0.5606538978435885],7.091774241481784e7],[[0.5295471736007179,0.6450515641294639],7.091837742517434e7],[[0.5385372759845309,0.5509646148877186],7.091772754581812e7],[[0.5382830384388,0.5570455978325974],7.091770622866976e7],[[0.5346579984522623,0.5663654199927035],7.091767325140424e7],[[0.5256881996758705,0.5619447062594877],7.091777301074408e7],[[0.5331376102856424,0.5701425623563477],7.091767686690538e7],[[0.5360825696609449,0.5670675117188572],7.091767891092262e7],[[0.5339968235421432,0.5660935621529244],7.091767259984279e7],[[0.5338969712858134,0.5660881282863586],7.091767261876723e7],[[0.5340136769432993,0.5659949925690283],7.09176725739116e7],[[0.5340262069193167,0.5657953854556755],7.091767253042369e7],[[0.5340513142852574,0.5653961742081192],7.091767247550978e7],[[0.5340505531151156,0.5651269375601763],7.091767246063812e7],[[0.534021872045215,0.5650575515344435],7.091767245843115e7],[[0.5341139498127895,0.5650185427569888],7.091767247127983e7],[[0.5339781329196264,0.5649676244034276],7.091767246152422e7],[[0.5340167750009043,0.5650565337510036],7.091767245841996e7]]}