{"initial":[0.5,0.5],"finitial":8.527588293430114e7,"ftol_rel":1.0e-12,"ftol_abs":1.0e-8,"xtol_rel":0.0,"xtol_abs":[1.0e-10,1.0e-10],"initial_step":[0.375,0.375],"maxfeval":-1,"maxtime":-1.0,"feval":40,"final":[0.5421553320224538,0.5508586059638437],"fmin":8.527233843138117e7,"optimizer":"LN_BOBYQA","returnvalue":"FTOL_REACHED","xtol_zero_abs":0.001,"ftol_zero_abs":1.0e-5,"fitlog":[[[0.5,0.5],8.527588293430114e7],[[0.875,0.5],8.53565143451078e7],[[0.5,0.875],8.528467605572417e7],[[0.125,0.5],8.671768122296245e7],[[0.5,0.125],8.551067679452372e7],[[0.667639129535464,0.6739630674785578],8.529205413985242e7],[[0.665595272621372,0.4120542457792674],8.529487922449817e7],[[0.5844795735053719,0.5406480523561763],8.527480596757025e7],[[0.6218336892910938,0.5439525998088368],8.528028390170115e7],[[0.578847603943931,0.5035733855490558],8.527466279279242e7],[[0.5626364084384866,0.46975849030621564],8.5274425487176e7],[[0.5588942714619806,0.43244567198798795],8.527629844566046e7],[[0.5551285007047994,0.4869396957779641],8.52734590129497e7],[[0.5487477409429956,0.5045705892568025],8.52728377059998e7],[[0.5387217332191157,0.5204148837857709],8.527253522781691e7],[[0.5243179325778741,0.5324187592885978],8.527290755940162e7],[[0.5348495598972041,0.5183733954071938],8.527262531866436e7],[[0.5405534515780128,0.5225188830141972],8.527249647445346e7],[[0.540807316513064,0.525696582267405],8.527246163891381e7],[[0.5406786300063611,0.5279395507649747],8.52724410398839e7],[[0.539635107804055,0.5315414338021227],8.52724178918277e7],[[0.5379134525775,0.5388411531995294],8.52723924350971e7],[[0.5374935716316117,0.5407315422370793],8.52723904475809e7],[[0.536379202363461,0.5443121401109268],8.527239754457688e7],[[0.5388433586467304,0.5437340000223189],8.527236437518412e7],[[0.5414818268569741,0.549766014317465],8.527233933546242e7],[[0.542111385012227,0.5556391319231828],8.527234243862988e7],[[0.542076656801404,0.5514178402196304],8.527233849591309e7],[[0.5417146190593523,0.5515155831136431],8.527233880483218e7],[[0.5423327283578039,0.551691797073903],8.527233860015555e7],[[0.5420797417903791,0.551792827529873],8.527233859399036e7],[[0.542080022688535,0.5512274954263029],8.527233846397611e7],[[0.5420782957592415,0.5511767800181532],8.527233845825034e7],[[0.5421373281266254,0.5510942250713883],8.527233844148555e7],[[0.5421552710869549,0.5509277462797266],8.527233843213555e7],[[0.5421600390988802,0.550907365584714],8.527233843175603e7],[[0.5421234125252324,0.5508993192126853],8.52723384332631e7],[[0.5421519766907034,0.5508707425376753],8.527233843141347e7],[[0.5421891472439637,0.5508757023733902],8.527233843304837e7],[[0.5421553320224538,0.5508586059638437],8.527233843138117e7]],"nAGQ":1,"REML":false,"sigma":null}