{"initial":[0.5,0.5],"finitial":8.56222207165962e7,"ftol_rel":1.0e-12,"ftol_abs":1.0e-8,"xtol_rel":0.0,"xtol_abs":[1.0e-10,1.0e-10],"initial_step":[0.375,0.375],"maxfeval":-1,"maxtime":-1.0,"feval":36,"final":[0.5466987135093035,0.5502838362405658],"fmin":8.56179222818355e7,"optimizer":"LN_BOBYQA","returnvalue":"FTOL_REACHED","xtol_zero_abs":0.001,"ftol_zero_abs":1.0e-5,"fitlog":[[[0.5,0.5],8.56222207165962e7],[[0.875,0.5],8.570452735651657e7],[[0.5,0.875],8.562982031614605e7],[[0.125,0.5],8.708647802549239e7],[[0.5,0.125],8.584906798284256e7],[[0.6675428621178217,0.6753443679700584],8.563695668003361e7],[[0.665039942054517,0.41101647609449443],8.563936366895287e7],[[0.5849073798600265,0.5397466897402182],8.56200212565438e7],[[0.62226811615938,0.5429755259346026],8.562539418033987e7],[[0.5791781004911659,0.502686935856611],8.561985816302568e7],[[0.5631893329360633,0.4687663033143233],8.561966331902222e7],[[0.5602157937449757,0.43138438168529164],8.562140642430094e7],[[0.5564095636212917,0.48624764273779086],8.561884361393616e7],[[0.5506926573005926,0.5041048396656502],8.561832921853563e7],[[0.5407495643110146,0.5200012984474232],8.561813433968775e7],[[0.5275312754636279,0.533299393797775],8.56185717442179e7],[[0.5366746078799132,0.5180011686026809],8.561826120858052e7],[[0.5450872301336771,0.5201916828409497],8.56180806499521e7],[[0.5485483889517488,0.5187484643418707],8.561809815947096e7],[[0.5451547578680771,0.5208625503575227],8.561807322542547e7],[[0.5451306384484292,0.5222108497057463],8.56180596239434e7],[[0.5444144376021085,0.5248110473641996],8.561803948279709e7],[[0.5419721754465933,0.5296205423090898],8.561802816148886e7],[[0.5424873393182229,0.5299009963389494],8.561801891296168e7],[[0.5444232388458851,0.5317788314046817],8.561798676039603e7],[[0.5459527954699641,0.5369514847465289],8.561795200568597e7],[[0.5464551850132008,0.547727901079967],8.561792340229616e7],[[0.5464278334850011,0.5502926254211736],8.561792239672494e7],[[0.5453508215213126,0.5502303303770737],8.56179251330738e7],[[0.546222786818027,0.5506066013189155],8.561792265336038e7],[[0.5466051313442988,0.5501289322110163],8.561792229924555e7],[[0.5466917667687499,0.5502086010765634],8.561792228278776e7],[[0.5466982139308378,0.5502684483412336],8.561792228187186e7],[[0.5467017848818899,0.5503057779314883],8.561792228192218e7],[[0.5467356989335791,0.5502695087984404],8.561792228399906e7],[[0.5466987135093035,0.5502838362405658],8.56179222818355e7]],"nAGQ":1,"REML":false,"sigma":null}