{"initial":[0.5,0.5],"finitial":7.037306813463967e7,"ftol_rel":1.0e-12,"ftol_abs":1.0e-8,"xtol_rel":0.0,"xtol_abs":[1.0e-10,1.0e-10],"initial_step":[0.1,0.1],"maxfeval":-1,"maxtime":-1.0,"feval":24,"final":[0.5303959941064937,0.5680588818936412],"fmin":7.037106347025782e7,"optimizer":"LN_BOBYQA","returnvalue":"FTOL_REACHED","nAGQ":1,"REML":false,"sigma":null,"fitlog":[[[0.5,0.5],7.037306813463967e7],[[0.6,0.5],7.03772645658526e7],[[0.5,0.6],7.037253691541077e7],[[0.4,0.5],7.040547687998608e7],[[0.5,0.4],7.037796089639834e7],[[0.5385359623764452,0.562179618226048],7.037115585519193e7],[[0.5243450486799263,0.6611675870326559],7.037190135419728e7],[[0.536224198712874,0.5524504996244587],7.037113844166386e7],[[0.5352085642093071,0.560026818330865],7.037110225569533e7],[[0.5304937742250748,0.5745698314212839],7.037106826710886e7],[[0.5218113989927006,0.5696083437084849],7.037116630634162e7],[[0.5288776764869192,0.5770551943720702],7.037107572840104e7],[[0.5303167117665237,0.5770635533155158],7.037107257241096e7],[[0.5303535384412792,0.5720737677352088],7.037106530517398e7],[[0.5300593512425794,0.5670824298492185],7.037106373357473e7],[[0.5304712879984914,0.5678487084623398],7.037106348306552e7],[[0.5304598283656485,0.567690154347689],7.037106349147512e7],[[0.5303155037551315,0.5678803628455804],7.037106348271121e7],[[0.5303970611012946,0.5680168147775726],7.037106347046064e7],[[0.5303073285677584,0.5680609517510209],7.037106348097196e7],[[0.5303952642167654,0.5680614433508493],7.037106347025926e7],[[0.5303935510072456,0.5680712955035654],7.037106347028373e7],[[0.5303992952032773,0.5680705949161657],7.037106347028776e7],[[0.5303959941064937,0.5680588818936412],7.037106347025782e7]]}