{"initial":[0.5,0.5],"finitial":7.071999734754373e7,"ftol_rel":1.0e-12,"ftol_abs":1.0e-8,"xtol_rel":0.0,"xtol_abs":[1.0e-10,1.0e-10],"initial_step":[0.1,0.1],"maxfeval":-1,"maxtime":-1.0,"feval":19,"final":[0.5339762129839186,0.5689184936946551],"fmin":7.071762262746151e7,"optimizer":"LN_BOBYQA","returnvalue":"FTOL_REACHED","nAGQ":1,"REML":false,"sigma":null,"fitlog":[[[0.5,0.5],7.071999734754373e7],[[0.6,0.5],7.072345699819507e7],[[0.5,0.6],7.071948653417422e7],[[0.4,0.5],7.075491450535585e7],[[0.5,0.4],7.0724593697452e7],[[0.5409850485492292,0.5625029690633694],7.071769481916589e7],[[0.5267418446661529,0.661483427453625],7.071841139407077e7],[[0.5382304361533203,0.5559242389785278],7.07176663815278e7],[[0.5289603576425568,0.5521738197480579],7.07176891975582e7],[[0.5326478727105547,0.5642209241845301],7.071762746332127e7],[[0.5336772332725155,0.5712334515282953],7.071762331323148e7],[[0.5335532028238061,0.5696359638224361],7.071762293256196e7],[[0.5345519532395825,0.5695859877583008],7.071762313596636e7],[[0.5339762758445726,0.5690298577064609],7.071762262858179e7],[[0.5336910619361511,0.5680713938174995],7.071762281846318e7],[[0.5339756155651085,0.5689085115560684],7.071762262748958e7],[[0.5340494346078498,0.5688410523170514],7.071762263571459e7],[[0.5339820952006658,0.5689161282694702],7.071762262750891e7],[[0.5339762129839186,0.5689184936946551],7.071762262746151e7]]}