{"initial":[0.5,0.5],"finitial":8.548019385029952e7,"ftol_rel":1.0e-12,"ftol_abs":1.0e-8,"xtol_rel":0.0,"xtol_abs":[1.0e-10,1.0e-10],"initial_step":[0.375,0.375],"maxfeval":-1,"maxtime":-1.0,"feval":43,"final":[0.5466742875099796,0.552161495015084],"fmin":8.54759094925558e7,"optimizer":"LN_BOBYQA","returnvalue":"FTOL_REACHED","xtol_zero_abs":0.001,"ftol_zero_abs":1.0e-5,"fitlog":[[[0.5,0.5],8.548019385029952e7],[[0.875,0.5],8.55625064162268e7],[[0.5,0.875],8.5486888846121e7],[[0.125,0.5],8.69436863618626e7],[[0.5,0.125],8.570117108777831e7],[[0.6675316270969662,0.6764726410785353],8.549474945287259e7],[[0.6647545967125015,0.4104892583982179],8.549704394728032e7],[[0.5848179160012228,0.5399372460894529],8.547800552468783e7],[[0.622177266875275,0.5431820730909203],8.548337203316374e7],[[0.5791117158985992,0.5028739316074908],8.547783073875175e7],[[0.5631273571904842,0.46895122126927774],8.547758071771656e7],[[0.5599941527352724,0.4315823434450529],8.54791916935972e7],[[0.5562433328663875,0.486391769113461],8.547679531979027e7],[[0.5505440014342917,0.5042545830358844],8.5476306465021e7],[[0.5406183460553797,0.5201619355905704],8.547612573097366e7],[[0.5274435399463189,0.5335031118501307],8.5476567437707e7],[[0.5365565114498417,0.5181457420315134],8.547625292507641e7],[[0.5451458050694657,0.5200879918908444],8.547607240745245e7],[[0.5486257710701684,0.5186907314877865],8.547608995020407e7],[[0.5452207138675101,0.5206756208114957],8.547606600910795e7],[[0.5452142025741303,0.5218603713796319],8.547605421862358e7],[[0.5446429847585083,0.5241600268820233],8.547603582669693e7],[[0.5426053832682435,0.5284386950225927],8.54760204077173e7],[[0.5419013117417797,0.5304070183840317],8.547601633987865e7],[[0.5409296391476085,0.5322933414648658],8.547602048313399e7],[[0.5431375274969935,0.5309516906942364],8.547599648731785e7],[[0.5447561185256193,0.5322746331161187],8.547597426235461e7],[[0.5465324606570939,0.536059426757812],8.547594783930464e7],[[0.5471668657837003,0.5443032744313798],8.547591879372343e7],[[0.5456682679616146,0.5557694457596116],8.547591290961927e7],[[0.5463869604798873,0.5517016231768304],8.547590965103112e7],[[0.5472029322417596,0.551830998846333],8.547590994485395e7],[[0.5466646402255791,0.5520650789836868],8.547590949397951e7],[[0.5466653980799524,0.552258706963786],8.547590949406026e7],[[0.546309531061063,0.5521855882417405],8.547590970085965e7],[[0.546762043021351,0.5517029495933085],8.547590953427018e7],[[0.5466754613645088,0.5521610577492742],8.547590949256054e7],[[0.5467128773882873,0.5521585495298652],8.547590949489492e7],[[0.5466729531450999,0.5521236417254957],8.547590949274997e7],[[0.5466717113645256,0.5521610581041861],8.54759094925687e7],[[0.5466750769425116,0.5521647879931976],8.54759094925622e7],[[0.546675210542568,0.5521573161468963],8.547590949256465e7],[[0.5466742875099796,0.552161495015084],8.54759094925558e7]],"nAGQ":1,"REML":false,"sigma":null}