{"initial":[0.5,0.5],"finitial":6.316487679197875e7,"ftol_rel":1.0e-12,"ftol_abs":1.0e-8,"xtol_rel":0.0,"xtol_abs":[1.0e-10,1.0e-10],"initial_step":[0.375,0.375],"maxfeval":-1,"maxtime":-1.0,"feval":52,"final":[0.5058387107593758,0.5714003539075958],"fmin":6.3164179845928796e7,"optimizer":"LN_BOBYQA","returnvalue":"FTOL_REACHED","xtol_zero_abs":0.001,"ftol_zero_abs":1.0e-5,"fitlog":[[[0.5,0.5],6.316487679197875e7],[[0.875,0.5],6.322954557607882e7],[[0.5,0.875],6.316913320602252e7],[[0.125,0.5],6.41087347035447e7],[[0.5,0.125],6.33606659029251e7],[[0.6634542368667677,0.6795210398783225],6.318319335457136e7],[[0.6711490515998926,0.4234215948425583],6.318746751619164e7],[[0.5804345624891527,0.5481595645451512],6.3169213677074224e7],[[0.5308991417680702,0.4787516344629358],6.316601652015909e7],[[0.5117441544756917,0.5146163379699257],6.3164617225647576e7],[[0.5120266155864405,0.5239870818422613],6.316449218400333e7],[[0.517968953650046,0.5312382364632733],6.316452675653483e7],[[0.5102193816985754,0.5272728702825831],6.3164432998493545e7],[[0.5091675357302978,0.5308723313615528],6.316438573743863e7],[[0.50865524136345,0.5383548145377247],6.316431456068675e7],[[0.5094089379121728,0.5533358672881973],6.316422985821878e7],[[0.5104905995766933,0.566808126614517],6.316420557470737e7],[[0.5142356512069037,0.5666155434193554],6.3164257918556295e7],[[0.5076113436127059,0.5688326343287335],6.316418398494698e7],[[0.5070807649813097,0.5713726306324676],6.31641815342629e7],[[0.5070098353376671,0.5736464392702073],6.316418186820261e7],[[0.5033458814199511,0.5710362606232626],6.316418673262815e7],[[0.5052256881119164,0.5743651729716036],6.316418117837973e7],[[0.5058425482509767,0.5719494907831981],6.31641798776114e7],[[0.5061590428285989,0.5717483535605472],6.3164179971064255e7],[[0.5058578281114723,0.5718304971502108],6.316417986576747e7],[[0.5058433351220575,0.5715909939381847],6.316417984978657e7],[[0.5058465240006803,0.5714567527500664],6.316417984633779e7],[[0.5058498441225932,0.5714164551642056],6.3164179846096076e7],[[0.50584374581605,0.5713794543445214],6.316417984600235e7],[[0.5058065948326212,0.5713743499904695],6.316417984712617e7],[[0.5058387111772461,0.5714003534599527],6.3164179845928945e7],[[0.5058760467636464,0.5714038611640666],6.316417984746438e7],[[0.505838802105967,0.5714041023573863],6.316417984593144e7],[[0.5058349776186061,0.5714000026895413],6.316417984594418e7],[[0.5058387194456653,0.571399523143958],6.316417984593112e7],[[0.5058395415317615,0.571400355556737],6.316417984592998e7],[[0.5058385797915169,0.5714011733567802],6.3164179845930554e7],[[0.5058385972752443,0.5714004053101969],6.316417984592928e7],[[0.5058386825103571,0.5714002755296014],6.316417984592909e7],[[0.5058388003226643,0.5714003824798927],6.316417984592983e7],[[0.5058387052436972,0.5714003904875504],6.3164179845929846e7],[[0.5058387329931945,0.571400322958897],6.316417984593e7],[[0.505838693128367,0.571400348380537],6.316417984592914e7],[[0.5058387200917879,0.5714003563619466],6.316417984592989e7],[[0.5058387064646621,0.5714003453554984],6.3164179845929794e7],[[0.5058387086433399,0.5714003562243367],6.316417984592948e7],[[0.5058387124486198,0.5714003520818257],6.31641798459313e7],[[0.5058387116485045,0.571400354270398],6.316417984592934e7],[[0.5058387102411502,0.5714003534086621],6.316417984592906e7],[[0.5058387108694214,0.5714003529305719],6.31641798459298e7],[[0.5058387107593758,0.5714003539075958],6.3164179845928796e7]],"nAGQ":1,"REML":false,"sigma":null}