{"initial":[0.5,0.5],"finitial":7.61853687569301e7,"final":[0.5066060985055814,0.5613431061956724],"fmin":7.61847091637146e7,"feval":17,"returnvalue":"FTOL_REACHED","xtol_zero_abs":0.001,"ftol_zero_abs":1.0e-5,"maxfeval":-1,"optimizer":"LN_BOBYQA","backend":"nlopt","ftol_rel":1.0e-12,"ftol_abs":1.0e-8,"xtol_rel":0.0,"xtol_abs":[1.0e-10,1.0e-10],"initial_step":[0.1,0.1],"maxtime":-1.0,"rhobeg":1.0,"rhoend":1.0e-6,"fitlog":[[[0.5,0.5],7.61853687569301e7],[[0.6,0.5],7.61922926802116e7],[[0.5,0.6],7.618493942925113e7],[[0.4,0.5],7.620235671745151e7],[[0.5,0.4],7.619074386823681e7],[[0.5210440074961387,0.5586806805812286],7.618491780948101e7],[[0.5089396067465248,0.5528126125231057],7.618472499113412e7],[[0.517590018227799,0.5477956033338935],7.618485686276169e7],[[0.5069570902744924,0.562614124061543],7.61847095091573e7],[[0.5072625862217138,0.5641189836562781],7.61847106473287e7],[[0.5067875173895219,0.5610879605020521],7.618470920695436e7],[[0.5061568382350736,0.5618640041890597],7.61847094114326e7],[[0.5077735591642599,0.5609214623985449],7.618471060172349e7],[[0.5066039813725473,0.5613355452271355],7.61847091637338e7],[[0.5066306021193397,0.561431936802702],7.618470916533336e7],[[0.5066964978496141,0.561373501800626],7.618470917224944e7],[[0.5066060985055814,0.5613431061956724],7.61847091637146e7]],"nAGQ":1,"REML":false,"sigma":null}