{"initial":[0.5,0.5],"finitial":8.495974210056682e7,"ftol_rel":1.0e-12,"ftol_abs":1.0e-8,"xtol_rel":0.0,"xtol_abs":[1.0e-10,1.0e-10],"initial_step":[0.375,0.375],"maxfeval":-1,"maxtime":-1.0,"feval":48,"final":[0.5421065182186605,0.5528073597977375],"fmin":8.495627503394224e7,"optimizer":"LN_BOBYQA","returnvalue":"FTOL_REACHED","xtol_zero_abs":0.001,"ftol_zero_abs":1.0e-5,"fitlog":[[[0.5,0.5],8.495974210056682e7],[[0.875,0.5],8.504038007170041e7],[[0.5,0.875],8.496638919146279e7],[[0.125,0.5],8.6399835130646e7],[[0.5,0.125],8.51811714574923e7],[[0.6676153266744871,0.6765709491935858],8.497557705242229e7],[[0.6649540525260531,0.410857358378652],8.497793489941809e7],[[0.5843188649811163,0.5409803795528576],8.495873102119626e7],[[0.6216704966296207,0.5443128880966492],8.496420001296721e7],[[0.5787109695067835,0.5039020636748548],8.495852516667452e7],[[0.5625228398292147,0.4700761201175463],8.49581219059131e7],[[0.5584567805345672,0.43279720970143554],8.495963625234209e7],[[0.554747315275204,0.48713788198172603],8.495725210959797e7],[[0.5483865947069864,0.5047760149286411],8.495670921321665e7],[[0.5379244411888431,0.5203357656902312],8.495646465747607e7],[[0.5237271705773834,0.5325832146974728],8.495687365289299e7],[[0.5417997430023456,0.522413772041489],8.495641721709824e7],[[0.5451449431681207,0.5210235262077002],8.4956445245026e7],[[0.5384948862228209,0.5206416485506369],8.49564546525679e7],[[0.540882203436717,0.5260497892506761],8.495638614728439e7],[[0.5393638496920666,0.5326561588139591],8.495634697232732e7],[[0.5387118292058354,0.5362070071684079],8.49563332297996e7],[[0.5371310187969875,0.543252264967403],8.495632621757421e7],[[0.5374414681423041,0.541952311050571],8.495632547643277e7],[[0.5375918579597041,0.541409314034712],8.49563251224715e7],[[0.5376701528390863,0.5411301211591577],8.495632499070777e7],[[0.5378475596662926,0.5404858451599662],8.495632489621778e7],[[0.5381747967093831,0.5406689869564776],8.49563201068453e7],[[0.5385351396813098,0.5407728038268935],8.49563155793798e7],[[0.5392520826058502,0.540993014732508],8.495630773853596e7],[[0.5405611930479786,0.5417252919001915],8.49562964760888e7],[[0.5417679550519242,0.5444718762272845],8.49562852169302e7],[[0.5415687932809758,0.5504685698653649],8.495627624602391e7],[[0.5414435630783101,0.5529216352093065],8.495627570620553e7],[[0.5418376604192456,0.5533740589994276],8.495627519008966e7],[[0.5417859489364415,0.5539718264479777],8.495627538249531e7],[[0.5422068049257216,0.5534400690997051],8.495627510529953e7],[[0.5421209708770335,0.5530750245598394],8.495627504437812e7],[[0.542116008887865,0.5528036406902233],8.495627503406663e7],[[0.5420940883051968,0.5524292819210519],8.49562750542322e7],[[0.5421058127744934,0.5528397279355062],8.495627503410101e7],[[0.5421529445746208,0.5527971595603927],8.495627503714807e7],[[0.5421425883438665,0.5528300940930037],8.49562750359309e7],[[0.5421072246862999,0.5528069668756499],8.495627503394273e7],[[0.5421057656381655,0.5528035123599759],8.495627503394604e7],[[0.5421103631261704,0.5528090193607725],8.495627503395931e7],[[0.5421070999356651,0.552806168175724],8.495627503394331e7],[[0.5421065182186605,0.5528073597977375],8.495627503394224e7]],"nAGQ":1,"REML":false,"sigma":null}