{"initial":[0.5,0.5],"finitial":5.95850834111795e7,"ftol_rel":1.0e-12,"ftol_abs":1.0e-8,"xtol_rel":0.0,"xtol_abs":[1.0e-10,1.0e-10],"initial_step":[0.1,0.1],"maxfeval":-1,"maxtime":-1.0,"feval":22,"final":[0.4956681182865637,0.5757041843525318],"fmin":5.9584327397202335e7,"optimizer":"LN_BOBYQA","returnvalue":"FTOL_REACHED","nAGQ":1,"REML":false,"sigma":null,"fitlog":[[[0.5,0.5],5.95850834111795e7],[[0.6,0.5],5.9592068821041085e7],[[0.5,0.6],5.9584400437378384e7],[[0.4,0.5],5.959608853166903e7],[[0.5,0.4],5.95899800606459e7],[[0.5111717402141334,0.566208504293289],5.958453567126983e7],[[0.5,0.62],5.958452355922976e7],[[0.5044630807966314,0.5931449008036086],5.95844223552286e7],[[0.49292893218813455,0.5929289321881346],5.958436330544145e7],[[0.4952837060637318,0.583210133908779],5.958433323746703e7],[[0.4948214393056249,0.5723149429698681],5.958432921171063e7],[[0.49504514052426035,0.5757280523667448],5.9584327733634025e7],[[0.4941839847347479,0.5762363934984558],5.958432934371904e7],[[0.49575542336080314,0.5759376048916971],5.958432740953086e7],[[0.4966010984714025,0.5754039068428786],5.958432815953139e7],[[0.49568671750225396,0.5759987660157201],5.958432740655224e7],[[0.49568327127021583,0.5758927030988846],5.958432740113258e7],[[0.4956765081015536,0.5757366750247416],5.958432739738626e7],[[0.4956522642584188,0.5756396583454021],5.9584327397816494e7],[[0.49567348621781254,0.5756957472135553],5.9584327397232294e7],[[0.4956830252571602,0.5756927460923774],5.958432739741738e7],[[0.4956681182865637,0.5757041843525318],5.9584327397202335e7]]}