{"initial":[0.5,0.5],"finitial":6.316487679197873e7,"ftol_rel":1.0e-12,"ftol_abs":1.0e-8,"xtol_rel":0.0,"xtol_abs":[1.0e-10,1.0e-10],"initial_step":[0.375,0.375],"maxfeval":-1,"maxtime":-1.0,"feval":36,"final":[0.5058389137041317,0.5713997291695545],"fmin":6.316417984592761e7,"optimizer":"LN_BOBYQA","returnvalue":"FTOL_REACHED","xtol_zero_abs":0.001,"ftol_zero_abs":1.0e-5,"fitlog":[[[0.5,0.5],6.316487679197873e7],[[0.875,0.5],6.322954557607882e7],[[0.5,0.875],6.316913320602252e7],[[0.125,0.5],6.410873470354471e7],[[0.5,0.125],6.33606659029251e7],[[0.6634542368667634,0.6795210398782958],6.318319335457119e7],[[0.6711490515998727,0.42342159484251385],6.3187467516192004e7],[[0.5804345624890167,0.5481595645453784],6.3169213677075095e7],[[0.5308991417678153,0.4787516344625651],6.316601652015813e7],[[0.5117441544767921,0.5146163379690415],6.31646172256465e7],[[0.5120266155875679,0.5239870818413763],6.316449218400457e7],[[0.5179689536811102,0.5312382364378552],6.316452675653587e7],[[0.5102193817517965,0.5272728703103503],6.316443299849403e7],[[0.5091675357865588,0.5308723313902084],6.3164385737438306e7],[[0.5086552413687401,0.5383548145628906],6.3164314560685754e7],[[0.5094089378928859,0.5533358673145997],6.316422985822061e7],[[0.5104905995609843,0.56680812606969],6.316420557470707e7],[[0.514235651190613,0.5666155428632154],6.3164257918555476e7],[[0.507611343639927,0.5688326352348337],6.3164183984945565e7],[[0.5070807649712817,0.5713726318104684],6.3164181534264974e7],[[0.5070098356114677,0.5736464335753731],6.316418186819889e7],[[0.5033458813733133,0.5710362622077603],6.31641867326268e7],[[0.5052256860450265,0.574365189023731],6.316418117839193e7],[[0.505842547617637,0.5719495010411749],6.316417987761053e7],[[0.5061590420173535,0.571748363538585],6.3164179971063234e7],[[0.5058578274847007,0.5718305077470776],6.3164179865766324e7],[[0.5058433339350733,0.5715910052407657],6.31641798497886e7],[[0.5058465235307807,0.5714568037572503],6.316417984633828e7],[[0.505849852214435,0.5714164019695788],6.316417984609512e7],[[0.5058437562694736,0.5713794007607468],6.31641798460028e7],[[0.5058066051725141,0.5713742972330753],6.3164179847123586e7],[[0.505838681322654,0.5714005265293594],6.3164179845929414e7],[[0.5058760213822009,0.571403986291351],6.316417984746464e7],[[0.5058387728924364,0.5714042754111893],6.316417984593183e7],[[0.5058349473166993,0.5714001805531602],6.31641798459467e7],[[0.5058389137041317,0.5713997291695545],6.316417984592761e7]],"nAGQ":1,"REML":false,"sigma":null}