{"initial":[0.5,0.5],"finitial":6.86022378822547e7,"final":[0.5098810155014463,0.5660473897101438],"fmin":6.860146036941838e7,"feval":43,"returnvalue":"SUCCESS","xtol_zero_abs":0.001,"ftol_zero_abs":1.0e-5,"maxfeval":-1,"optimizer":"LN_BOBYQA","backend":"nlopt","ftol_rel":1.0e-12,"ftol_abs":1.0e-8,"xtol_rel":0.0,"xtol_abs":[1.0e-10,1.0e-10],"initial_step":[0.1,0.1],"maxtime":-1.0,"rhobeg":1.0,"rhoend":1.0e-6,"fitlog":[[[0.5,0.5],6.86022378822547e7],[[0.6,0.5],6.860650451761596e7],[[0.5,0.6],6.860167151498546e7],[[0.4,0.5],6.861446556465845e7],[[0.5,0.4],6.860784278290857e7],[[0.5241326957438129,0.5612407168120879],6.860159807567973e7],[[0.5117194261694317,0.5551166451308791],6.860147922664787e7],[[0.520201943762783,0.5498207131752658],6.86015689116533e7],[[0.5108952871424319,0.5650826270124689],6.860146120462471e7],[[0.5110547502011289,0.5691657037095589],6.860146260277879e7],[[0.510482513692907,0.5626169388571323],6.860146221422496e7],[[0.5107759209391184,0.5656319445404066],6.860146094481212e7],[[0.5098611134803832,0.56590585860005],6.860146037244935e7],[[0.5089106069866106,0.5662165632915117],6.86014610284246e7],[[0.5098954973034417,0.5659997614898452],6.860146036986674e7],[[0.5098783999558484,0.5660982890530206],6.860146036975744e7],[[0.5099776614505205,0.5660861582791186],6.86014603759395e7],[[0.5098810155014463,0.5660473897101438],6.860146036941838e7],[[0.5098711640819907,0.5660491071310911],6.860146036949907e7],[[0.5098796230074235,0.5660374871367209],6.860146036944084e7],[[0.509890296615007,0.5660511127372824],6.86014603694691e7],[[0.5098818225030121,0.5660496376241071],6.86014603694208e7],[[0.5098820006433918,0.566047217968049],6.860146036941943e7],[[0.5098808418762412,0.5660469003790838],6.860146036942099e7],[[0.5098800303595007,0.5660475614522386],6.860146036942115e7],[[0.5098812232259159,0.5660483471368556],6.860146036941895e7],[[0.5098812035162688,0.5660477565778573],6.860146036941892e7],[[0.5098812086338073,0.5660474246576005],6.860146036941883e7],[[0.5098809597365017,0.5660474727177998],6.860146036942147e7],[[0.5098810277643683,0.5660473412372571],6.860146036941989e7],[[0.5098810071415593,0.5660473661493227],6.86014603694199e7],[[0.5098810344122783,0.5660474060619153],6.86014603694203e7],[[0.5098810225931009,0.5660473826597229],6.860146036941926e7],[[0.50988101125226,0.5660473923453698],6.860146036941905e7],[[0.5098810136103631,0.5660473880749667],6.860146036941922e7],[[0.5098810172351759,0.566047391511305],6.860146036942045e7],[[0.5098810162106118,0.5660473890051017],6.86014603694189e7],[[0.5098810146233598,0.5660473901886458],6.860146036941883e7],[[0.5098810151922638,0.5660473893171982],6.860146036941928e7],[[0.5098810156748192,0.5660473898902599],6.860146036941975e7],[[0.5098810153969185,0.5660473895924695],6.860146036941965e7],[[0.5098810155751204,0.5660473896425263],6.860146036941975e7],[[0.5098810154441754,0.5660473897921197],6.860146036941907e7]],"nAGQ":1,"REML":false,"sigma":null}