{"initial":[0.5,0.5],"finitial":6.316487679197771e7,"ftol_rel":1.0e-12,"ftol_abs":1.0e-8,"xtol_rel":0.0,"xtol_abs":[1.0e-10,1.0e-10],"initial_step":[0.1,0.1],"maxfeval":-1,"maxtime":-1.0,"feval":22,"final":[0.5058396573467585,0.5714082688585148],"fmin":6.316417984594129e7,"optimizer":"LN_BOBYQA","returnvalue":"FTOL_REACHED","nAGQ":1,"REML":false,"sigma":null,"fitlog":[[[0.5,0.5],6.316487679197771e7],[[0.6,0.5],6.317238410801875e7],[[0.5,0.6],6.3164297732578054e7],[[0.4,0.5],6.3182167797981486e7],[[0.5,0.4],6.316959593921246e7],[[0.5197265160623721,0.5639866452771669],6.31643893659792e7],[[0.5,0.62],6.316443634400422e7],[[0.5083861255208648,0.5872262833766647],6.3164212017074116e7],[[0.5005956109116045,0.5809566835391231],6.316421994726725e7],[[0.5061206159404802,0.5774862902380026],6.316418375295783e7],[[0.5063212532604849,0.57014214305217],6.316418026913959e7],[[0.5063344141395975,0.5714281945316226],6.316418011550302e7],[[0.5054602982265286,0.5719139119088286],6.316418003142803e7],[[0.5045861823134598,0.5723996292860345],6.316418168230007e7],[[0.5056479788646917,0.5728961420132637],6.316418012049113e7],[[0.5058491235431786,0.5714697003354138],6.3164179846562855e7],[[0.505750360288317,0.5714853789670233],6.316417985527989e7],[[0.5058638527498123,0.5715686096396876],6.316417984960932e7],[[0.5058826313996061,0.5713754813163272],6.3164179848118365e7],[[0.5058411494528794,0.5714181569128899],6.316417984596957e7],[[0.5058409685789561,0.5714247565576209],6.316417984600061e7],[[0.5058396573467585,0.5714082688585148],6.316417984594129e7]]}