{"initial":[0.5,0.5],"finitial":5.3401356178119324e7,"ftol_rel":1.0e-12,"ftol_abs":1.0e-8,"xtol_rel":0.0,"xtol_abs":[1.0e-10,1.0e-10],"initial_step":[0.1,0.1],"maxfeval":-1,"maxtime":-1.0,"feval":18,"final":[0.49930457521690086,0.5810623961255338],"fmin":5.340051214464892e7,"optimizer":"LN_BOBYQA","returnvalue":"FTOL_REACHED","nAGQ":1,"REML":false,"sigma":null,"fitlog":[[[0.5,0.5],5.3401356178119324e7],[[0.6,0.5],5.340567990677964e7],[[0.5,0.6],5.340054698292735e7],[[0.4,0.5],5.340936537666413e7],[[0.5,0.4],5.340646544585072e7],[[0.5149415861425077,0.5688181753808251],5.340066109045748e7],[[0.5,0.62],5.3400651180303946e7],[[0.50489604136553,0.5936427361273389],5.340054513143402e7],[[0.49743615445709105,0.5869831500055666],5.340051766527953e7],[[0.49927266841997914,0.5794601314781442],5.340051240619405e7],[[0.49931183357126446,0.5807421604065763],5.340051215500441e7],[[0.500311643288703,0.580722653256209],5.3400512734334156e7],[[0.4997090791348373,0.5816598727592346],5.34005122740218e7],[[0.4992978218214491,0.5810675915411866],5.340051214467971e7],[[0.4992274494176606,0.5811386388830441],5.340051214867328e7],[[0.4992330820818868,0.5809913762794511],5.340051214806074e7],[[0.4993924922924521,0.5810353812645643],5.340051214913142e7],[[0.49930457521690086,0.5810623961255338],5.340051214464892e7]]}