{"initial":[0.5,0.5],"finitial":6.729012028523698e7,"ftol_rel":1.0e-12,"ftol_abs":1.0e-8,"xtol_rel":0.0,"xtol_abs":[1.0e-10,1.0e-10],"initial_step":[0.1,0.1],"maxfeval":-1,"maxtime":-1.0,"feval":21,"final":[0.5017535132569019,0.5757383153248198],"fmin":6.728937806393056e7,"optimizer":"LN_BOBYQA","returnvalue":"FTOL_REACHED","nAGQ":1,"REML":false,"sigma":null,"fitlog":[[[0.5,0.5],6.729012028523698e7],[[0.6,0.5],6.729894873787409e7],[[0.5,0.6],6.728943874654353e7],[[0.4,0.5],6.730732155700842e7],[[0.5,0.4],6.729501282623132e7],[[0.5160831882099733,0.5661847143450025],6.728962330794384e7],[[0.5,0.62],6.728956170186676e7],[[0.5048047642994387,0.5930206844740278],6.72894184021842e7],[[0.4973257439964363,0.5863825932342753],6.728941325577231e7],[[0.5018778686823435,0.5774787647968023],6.728937839405532e7],[[0.5018878813930098,0.5749606186298427],6.728937814794332e7],[[0.5019293278444789,0.5757126744240972],6.728937810107522e7],[[0.5010997760250444,0.5762711041679981],6.728937860523613e7],[[0.5028089925047402,0.5761882688789505],6.728937941202037e7],[[0.5023254823495857,0.5747944905601117],6.72893785474712e7],[[0.5017597298646124,0.5758019996288621],6.728937806443557e7],[[0.5017667580806431,0.5759017523440103],6.728937806699376e7],[[0.5017563458615033,0.5757458953247011],6.728937806395398e7],[[0.5018485358789938,0.5757846380746691],6.728937807504438e7],[[0.5018076822191672,0.5756600782029723],6.72893780680844e7],[[0.5017535132569019,0.5757383153248198],6.728937806393056e7]]}