{"initial":[1.0,1.0],"finitial":6.326598759140783e7,"ftol_rel":1.0e-12,"ftol_abs":1.0e-8,"xtol_rel":0.0,"xtol_abs":[1.0e-10,1.0e-10],"initial_step":[0.75,0.75],"maxfeval":-1,"maxtime":-1.0,"feval":60,"final":[0.5058374873515066,0.5714022998181424],"fmin":6.316417984593188e7,"optimizer":"LN_BOBYQA","returnvalue":"FTOL_REACHED","xtol_zero_abs":0.001,"ftol_zero_abs":1.0e-5,"fitlog":[[[1.0,1.0],6.326598759140783e7]],"nAGQ":1,"REML":false,"sigma":null}