{"initial":[0.5,0.5],"finitial":8.174164605648327e7,"ftol_rel":1.0e-12,"ftol_abs":1.0e-8,"xtol_rel":0.0,"xtol_abs":[1.0e-10,1.0e-10],"initial_step":[0.375,0.375],"maxfeval":-1,"maxtime":-1.0,"feval":43,"final":[0.515470596950882,0.5577757851412061],"fmin":8.174076528691451e7,"optimizer":"LN_BOBYQA","returnvalue":"FTOL_REACHED","xtol_zero_abs":0.001,"ftol_zero_abs":1.0e-5,"fitlog":[[[0.5,0.5],8.174164605648327e7],[[0.875,0.5],8.181820483637293e7],[[0.5,0.875],8.174794507134949e7],[[0.125,0.5],8.300391967876145e7],[[0.5,0.125],8.19675108227337e7],[[0.6660562835108149,0.6773255853541389],8.176279635230978e7],[[0.6670691750394787,0.41488748181596313],8.176611573174362e7],[[0.5815772586141231,0.5461975473050731],8.174566979729925e7],[[0.5307255670463785,0.47850140633254123],8.174217120701602e7],[[0.5122964098311658,0.5141548862681411],8.174107737351389e7],[[0.5125924907520267,0.5235252096930983],8.174095532317413e7],[[0.5195926824856482,0.529761229312418],8.174090571510665e7],[[0.5232174125073582,0.5307223912497178],8.174095388173418e7],[[0.5185609661058974,0.5333665117301702],8.174086651421095e7],[[0.5188766190727006,0.5371032032085437],8.174084353684282e7],[[0.5189491681039899,0.5408525013612729],8.174082303256692e7],[[0.5198194196688974,0.5483018410779039],8.174080315985359e7],[[0.5188504628307943,0.5557389858691456],8.1740781044967e7],[[0.5200150444574299,0.5630839646226118],8.174079642009516e7],[[0.5114986951718866,0.5568599120680578],8.174078678483474e7],[[0.5150865307157745,0.5621528597599772],8.174076812118588e7],[[0.5152458516627066,0.5553272861661961],8.174076618071865e7],[[0.5152115505868756,0.5581101821422998],8.174076539337523e7],[[0.515050154109345,0.5573695034040799],8.174076554489587e7],[[0.5158668567269096,0.5583308504864114],8.174076554143083e7],[[0.5155717911280622,0.558777175821952],8.174076544202931e7],[[0.514844766707108,0.558188249968852],8.174076583769777e7],[[0.5154362986291056,0.5581261494429193],8.174076530655017e7],[[0.5154310424317414,0.5581066099487644],8.174076530516958e7],[[0.5154233392119837,0.5580699096707632],8.174076530277e7],[[0.5154176523229405,0.5580328433883355],8.174076530059001e7],[[0.515400251895259,0.5579598898064049],8.174076529876484e7],[[0.5153900412933793,0.5579217708771294],8.1740765298959e7],[[0.5153655683598265,0.5579741482204086],8.174076530770394e7],[[0.515434064693602,0.5579436742377064],8.17407652931014e7],[[0.5154568727348003,0.5579233104074373],8.1740765290633e7],[[0.5154583105115045,0.557862175293924],8.174076528841145e7],[[0.5154485521153743,0.5577402611810022],8.174076528760344e7],[[0.5154526349899408,0.5577752180980328],8.174076528732292e7],[[0.5154302217471374,0.5577451532257224],8.174076528908388e7],[[0.5154652969220509,0.5577679650741464],8.174076528693119e7],[[0.5154683311959299,0.5577401029344106],8.174076528698383e7],[[0.515470596950882,0.5577757851412061],8.174076528691451e7]],"nAGQ":1,"REML":false,"sigma":null}