{"initial":[0.5,0.5],"finitial":8.047029863782635e7,"final":[0.5156120032652499,0.557667228760297],"fmin":8.046942068833615e7,"feval":21,"returnvalue":"FTOL_REACHED","xtol_zero_abs":0.001,"ftol_zero_abs":1.0e-5,"maxfeval":-1,"optimizer":"LN_BOBYQA","backend":"nlopt","ftol_rel":1.0e-12,"ftol_abs":1.0e-8,"xtol_rel":0.0,"xtol_abs":[1.0e-10,1.0e-10],"initial_step":[0.1,0.1],"maxtime":-1.0,"rhobeg":1.0,"rhoend":1.0e-6,"fitlog":[[[0.5,0.5],8.047029863782635e7],[[0.6,0.5],8.047743656636225e7],[[0.5,0.6],8.046997902299698e7],[[0.4,0.5],8.049553894501826e7],[[0.5,0.4],8.047548674307126e7],[[0.5279545476291517,0.556564967825692],8.046961457230581e7],[[0.5237411508852987,0.6564761648352309],8.047054744902034e7],[[0.526016203659208,0.5717031370268449],8.046958489976247e7],[[0.5173246917064954,0.5667576724403924],8.046943561647275e7],[[0.5144053762362693,0.576322064589677],8.046946829409412e7],[[0.5163602255487942,0.5618515736816382],8.046942380386123e7],[[0.5162682666595607,0.5553330545643825],8.046942201648009e7],[[0.5162999143557153,0.5572640008590499],8.046942133360828e7],[[0.5162251211667959,0.5562668017922175],8.046942145707673e7],[[0.5153017082561356,0.5573238722442179],8.046942083160299e7],[[0.5155952648034374,0.5578125311984707],8.04694206915623e7],[[0.5146003207825338,0.5579129622458017],8.046942204985322e7],[[0.5156120147514379,0.5576606590528015],8.046942068834417e7],[[0.515629590017925,0.557759102488377],8.046942068985671e7],[[0.5155149865197333,0.5576848566198748],8.046942070081334e7],[[0.5156120032652499,0.557667228760297],8.046942068833615e7]],"nAGQ":1,"REML":false,"sigma":null}