{"initial":[0.5,0.5],"finitial":7.027932996067977e7,"ftol_rel":1.0e-12,"ftol_abs":1.0e-8,"xtol_rel":0.0,"xtol_abs":[1.0e-10,1.0e-10],"initial_step":[0.1,0.1],"maxfeval":-1,"maxtime":-1.0,"feval":35,"final":[0.530372475853674,0.569744432608407],"fmin":7.027734656958719e7,"optimizer":"LN_BOBYQA","returnvalue":"FTOL_REACHED","nAGQ":1,"REML":false,"sigma":null,"fitlog":[[[0.5,0.5],7.027932996067977e7],[[0.6,0.5],7.028353093327956e7],[[0.5,0.6],7.027879853292467e7],[[0.4,0.5],7.031172395902868e7],[[0.5,0.4],7.028396133596347e7],[[0.538520355418019,0.5629618184475618],7.027744003286959e7],[[0.5236676076954402,0.6618526465616463],7.027811470525476e7],[[0.5362199816861213,0.5532300004933666],7.027742269112591e7],[[0.535064530508795,0.5615281377272565],7.027738351424862e7],[[0.5302565334955794,0.5775799214481872],7.027735291842395e7],[[0.521664946326804,0.5724628295082925],7.027745290118374e7],[[0.529260700177956,0.5755302425283637],7.027735174024451e7],[[0.5288934697524356,0.5780031238062604],7.027735660619667e7],[[0.5298538457077031,0.5747251472665834],7.027734951915215e7],[[0.5304775023292709,0.5739434488475146],7.027734841957901e7],[[0.5306919580066716,0.5727751029899607],7.027734766582388e7],[[0.5307870132241302,0.5707585602291065],7.02773469104621e7],[[0.530820987562244,0.5702458514110508],7.027734686912467e7],[[0.5307237960701515,0.5702693846612478],7.027734676614723e7],[[0.5306245398603391,0.5702572107213078],7.027734668352953e7],[[0.5304421020816109,0.5701752567287708],7.027734659574372e7],[[0.5303672971320139,0.5697823137055272],7.027734656977871e7],[[0.530268949209353,0.5697642116032109],7.027734658414455e7],[[0.530386202069257,0.5696841169471906],7.027734657023099e7],[[0.5303724537814873,0.5697445301420863],7.027734656958789e7],[[0.5303791215911424,0.5697519826795336],7.02773465696623e7],[[0.5303805195711663,0.5697386188785281],7.027734656968711e7],[[0.5303626298084637,0.5697463981768905],7.027734656971452e7],[[0.5303721494969397,0.569743131576183],7.027734656959029e7],[[0.5303734361787897,0.5697443433386058],7.027734656959155e7],[[0.5303720661566242,0.5697454519592945],7.027734656959043e7],[[0.5303719862335375,0.5697443529446973],7.027734656958932e7],[[0.5303724233530326,0.569744390285496],7.027734656958918e7],[[0.5303725442674155,0.569744763192074],7.027734656958869e7],[[0.530372475853674,0.569744432608407],7.027734656958719e7]]}