{"initial":[0.5,0.5],"finitial":5.914918334546349e7,"ftol_rel":1.0e-12,"ftol_abs":1.0e-8,"xtol_rel":0.0,"xtol_abs":[1.0e-10,1.0e-10],"initial_step":[0.1,0.1],"maxfeval":-1,"maxtime":-1.0,"feval":25,"final":[0.49564807332907174,0.5897632584610265],"fmin":5.914839209836695e7,"optimizer":"LN_BOBYQA","returnvalue":"FTOL_REACHED","nAGQ":1,"REML":false,"sigma":null,"fitlog":[[[0.5,0.5],5.914918334546349e7],[[0.6,0.5],5.915616824289014e7],[[0.5,0.6],5.914841571276456e7],[[0.4,0.5],5.9160180396865785e7],[[0.5,0.4],5.915338177721941e7],[[0.5111560599293482,0.5723747496189857],5.9148614251037635e7],[[0.5,0.62],5.914847006906554e7],[[0.49292893218813455,0.6070710678118655],5.914841962424273e7],[[0.49292893218813455,0.5929289321881346],5.914839930101424e7],[[0.4955883086001742,0.5894394543000744],5.91483921090579e7],[[0.4955929432520755,0.5887058570237164],5.9148392182924464e7],[[0.4965879149311222,0.5894675110840789],5.914839286695447e7],[[0.49597377730738,0.5903621752089981],5.91483922162024e7],[[0.4956404146572534,0.5897449756878401],5.9148392098442726e7],[[0.49557557877572966,0.5898211091789399],5.9148392103260204e7],[[0.49559289149813956,0.5896569896131019],5.914839210183034e7],[[0.4956480323298211,0.589763370038196],5.914839209836776e7],[[0.495657570909568,0.5897603674565717],5.914839209843639e7],[[0.49565281094372354,0.5897721543907146],5.914839209839673e7],[[0.49564847933574147,0.589759909792857],5.914839209836845e7],[[0.4956460772166476,0.589764928092264],5.914839209837857e7],[[0.4956493923321288,0.5897627986719521],5.9148392098370515e7],[[0.4956485101912113,0.5897642484734479],5.914839209837268e7],[[0.4956475815833666,0.5897624773861733],5.914839209837129e7],[[0.49564807332907174,0.5897632584610265],5.914839209836695e7]]}