{"initial":[0.5,0.5],"finitial":8.43514539131852e7,"ftol_rel":1.0e-12,"ftol_abs":1.0e-8,"xtol_rel":0.0,"xtol_abs":[1.0e-10,1.0e-10],"initial_step":[0.375,0.375],"maxfeval":-1,"maxtime":-1.0,"feval":46,"final":[0.5419738024596128,0.564315435125269],"fmin":8.434797474331963e7,"optimizer":"LN_BOBYQA","returnvalue":"FTOL_REACHED","xtol_zero_abs":0.001,"ftol_zero_abs":1.0e-5,"fitlog":[[[0.5,0.5],8.43514539131852e7],[[0.875,0.5],8.443214060873301e7],[[0.5,0.875],8.43556140987712e7],[[0.125,0.5],8.578778032271405e7],[[0.5,0.125],8.454962859591909e7],[[0.6675545488175576,0.6797896651095968],8.436669106706794e7],[[0.663513896784063,0.40824240871464196],8.436883925176102e7],[[0.5837188748684176,0.5421925644013996],8.435041059112763e7],[[0.6210612463213872,0.5456272833518294],8.435583855839996e7],[[0.5782930117323127,0.5050871738330703],8.435021817966221e7],[[0.5620894522398021,0.4712686188702593],8.434969748730381e7],[[0.5572393921235024,0.43408358267465663],8.435085848901324e7],[[0.5539617564187085,0.48816545468764755],8.43489062369777e7],[[0.5476697988038014,0.5058282338962605],8.434842374991705e7],[[0.5369636127295958,0.5212210919721505],8.434821952275395e7],[[0.5228782717345833,0.5335971038117626],8.43486567190059e7],[[0.5408112908330659,0.5234300733157838],8.434816146304044e7],[[0.5456095382212751,0.5217963073434224],8.43481958593448e7],[[0.5375591388354939,0.521562988051344],8.43482074259766e7],[[0.5406845605788979,0.5271779312963747],8.434812786688425e7],[[0.5391379992046784,0.5338685050761801],8.43480860927811e7],[[0.5383004062166709,0.5383660664013548],8.434806633042265e7],[[0.5363372398029466,0.5473027580252776],8.434805324123165e7],[[0.5364242908961515,0.5469583374204824],8.43480529782284e7],[[0.5366926641654903,0.5460600712915961],8.434805185535102e7],[[0.5371516133271936,0.5443138745259819],8.434805178518477e7],[[0.5374812643260226,0.5434362433568847],8.434805088467951e7],[[0.5383785037946694,0.5437080292761343],8.434803852873057e7],[[0.5400826597435442,0.5444899995453357],8.434802088241006e7],[[0.5416790184979288,0.5478832485381595],8.434800259978104e7],[[0.5413060416411294,0.5553739686813962],8.434798344592777e7],[[0.5400437809364972,0.5703207642548139],8.434798389307852e7],[[0.5445985543770794,0.554518646051266],8.434799488511725e7],[[0.5408856210410029,0.5626030516798018],8.434797682611363e7],[[0.5408202589500873,0.5622920454138313],8.434797716330893e7],[[0.5412558209382048,0.5625432433516884],8.434797583170354e7],[[0.5416133845934895,0.5626562620776563],8.434797521050434e7],[[0.5420091608427813,0.5632933344130284],8.43479748499998e7],[[0.5420391218649444,0.564542682795148],8.434797475488098e7],[[0.5419693781131522,0.5642351957774615],8.434797474409556e7],[[0.5416020255507364,0.5643105422762961],8.434797495058425e7],[[0.5419930053135931,0.5642714328050495],8.434797474430265e7],[[0.5419999602090161,0.5642134935791265],8.434797474577616e7],[[0.5419720260360293,0.5642726021740326],8.43479747435729e7],[[0.5419735953956044,0.5643133408132578],8.434797474331975e7],[[0.5419738024596128,0.564315435125269],8.434797474331963e7]],"nAGQ":1,"REML":false,"sigma":null}