{"initial":[0.5,0.5],"finitial":5.297804760243025e7,"ftol_rel":1.0e-12,"ftol_abs":1.0e-8,"xtol_rel":0.0,"xtol_abs":[1.0e-10,1.0e-10],"initial_step":[0.1,0.1],"maxfeval":-1,"maxtime":-1.0,"feval":21,"final":[0.49932736070739325,0.5956934603702017],"fmin":5.2977170830395795e7,"optimizer":"LN_BOBYQA","returnvalue":"FTOL_REACHED","nAGQ":1,"REML":false,"sigma":null,"fitlog":[[[0.5,0.5],5.297804760243025e7],[[0.6,0.5],5.298236764899864e7],[[0.5,0.6],5.297717240507132e7],[[0.4,0.5],5.298605950073867e7],[[0.5,0.4],5.2982434642163344e7],[[0.5149686516478513,0.5749213166674624],5.2977337067485e7],[[0.51,0.61],5.297724778336992e7],[[0.49766852461720834,0.614217592231867],5.2977195940177105e7],[[0.49292893218813455,0.5929289321881346],5.2977195244043134e7],[[0.49943553403792346,0.5952190987239534],5.297717085340529e7],[[0.5000432626926821,0.594424953975066],5.297717123979292e7],[[0.49939148932957855,0.5960452290049826],5.2977170841593854e7],[[0.5003581932120708,0.5957893313622142],5.297717143611267e7],[[0.4993400634601155,0.5956977537464551],5.297717083048871e7],[[0.4992401242754866,0.5956942667168148],5.297717083473603e7],[[0.4993884220555975,0.5956102240586743],5.2977170833042845e7],[[0.4994396613760089,0.5957067122703117],5.297717083761897e7],[[0.4993272710443516,0.5956919576005719],5.297717083039587e7],[[0.499329059551519,0.5957017963627965],5.297717083040239e7],[[0.49933326168922987,0.5956839505927699],5.2977170830422625e7],[[0.49932736070739325,0.5956934603702017],5.2977170830395795e7]]}