{"initial":[0.5,0.5],"finitial":6.985422868425198e7,"ftol_rel":1.0e-12,"ftol_abs":1.0e-8,"xtol_rel":0.0,"xtol_abs":[1.0e-10,1.0e-10],"initial_step":[0.1,0.1],"maxfeval":-1,"maxtime":-1.0,"feval":30,"final":[0.5303720863154356,0.5824851432460273],"fmin":6.985220939642105e7,"optimizer":"LN_BOBYQA","returnvalue":"FTOL_REACHED","nAGQ":1,"REML":false,"sigma":null,"fitlog":[[[0.5,0.5],6.985422868425198e7],[[0.6,0.5],6.985842593678035e7],[[0.5,0.6],6.985359242927161e7],[[0.4,0.5],6.988658929185528e7],[[0.5,0.4],6.985823164853747e7],[[0.538518877983414,0.5688984234368656],6.98523125408887e7],[[0.5351348626991661,0.5195065165454564],6.985260526524897e7],[[0.5523707657817555,0.5757882657805521],6.985283453390458e7],[[0.5322492374223686,0.592845127044851],6.98522221052122e7],[[0.527122300613005,0.6170622186416181],6.985230722433089e7],[[0.5308570154859974,0.5907839890266631],6.985221485850327e7],[[0.5311204522796493,0.5876210582523755],6.985221214178266e7],[[0.5312535341818628,0.5862346944951347],6.985221151173638e7],[[0.5302949968990271,0.5865196616465996],6.985221063898608e7],[[0.5303422589980832,0.5875185441692182],6.985221131176785e7],[[0.5301530719344667,0.5855297842277065],6.985221016818391e7],[[0.530562883469642,0.5846176140102377],6.9852209793124e7],[[0.530683813257691,0.5840987789107477],6.98522097277073e7],[[0.5316175999317749,0.5837409487173554],6.985221161767198e7],[[0.5304927768992167,0.5831171959495361],6.985220944743295e7],[[0.5305441090563954,0.5814508334520871],6.985220951784402e7],[[0.5304881218220415,0.5825734427000818],6.985220941553739e7],[[0.5304185913283646,0.5825015712144352],6.985220939945802e7],[[0.5303730112070661,0.5824125630544587],6.985220939673766e7],[[0.5302894062626301,0.5824674284649268],6.985220940560915e7],[[0.5303697954585771,0.5825125113358929],6.985220939651631e7],[[0.5303535936948237,0.5826111901221201],6.985220939823279e7],[[0.5303694596632641,0.5824763662382714],6.985220939642313e7],[[0.5303794059274417,0.5824774015299738],6.985220939650048e7],[[0.5303720863154356,0.5824851432460273],6.985220939642105e7]]}