{"initial":[0.5,0.5],"finitial":7.558549328187309e7,"final":[0.506577055268565,0.5739181348323779],"fmin":7.558480523794156e7,"feval":24,"returnvalue":"FTOL_REACHED","xtol_zero_abs":0.001,"ftol_zero_abs":1.0e-5,"maxfeval":-1,"optimizer":"LN_BOBYQA","backend":"nlopt","ftol_rel":1.0e-12,"ftol_abs":1.0e-8,"xtol_rel":0.0,"xtol_abs":[1.0e-10,1.0e-10],"initial_step":[0.1,0.1],"maxtime":-1.0,"rhobeg":1.0,"rhoend":1.0e-6,"fitlog":[[[0.5,0.5],7.558549328187309e7],[[0.6,0.5],7.559241889307378e7],[[0.5,0.6],7.558491095157003e7],[[0.4,0.5],7.560246628092763e7],[[0.5,0.4],7.558995432373606e7],[[0.5210208621893582,0.565013498530735],7.558502079910865e7],[[0.5,0.62],7.558502782195891e7],[[0.5080326867820945,0.587643735415153],7.558482445804368e7],[[0.5002668761032303,0.5813435620445195],7.558485262980407e7],[[0.5007935020787765,0.5945425907427597],7.558487862192728e7],[[0.5067681050666533,0.5777240160095967],7.558480662138999e7],[[0.507170189302125,0.5738891222884656],7.558480560346591e7],[[0.5071624098078723,0.5745255233863805],7.558480562767453e7],[[0.5061703743408366,0.5738698857819243],7.558480541041656e7],[[0.5065400312096816,0.5744699723181778],7.558480526773001e7],[[0.5066006746651961,0.5736102700891531],7.558480524761514e7],[[0.507459618461353,0.5730982002159487],7.558480611107422e7],[[0.506499159162916,0.5726154361317528],7.558480540502647e7],[[0.5065992304152743,0.573928136322281],7.55848052384593e7],[[0.5065916291569837,0.5738284256364324],7.558480523896581e7],[[0.5065272575315849,0.5739975618508236],7.558480524107945e7],[[0.5065778774333928,0.5739215836464807],7.558480523794185e7],[[0.5065678924173158,0.5739221308703315],7.558480523802733e7],[[0.506577055268565,0.5739181348323779],7.558480523794156e7]],"nAGQ":1,"REML":false,"sigma":null}