{"initial":[0.5,0.5],"finitial":8.48700161040565e7,"ftol_rel":1.0e-12,"ftol_abs":1.0e-8,"xtol_rel":0.0,"xtol_abs":[1.0e-10,1.0e-10],"initial_step":[0.375,0.375],"maxfeval":-1,"maxtime":-1.0,"feval":43,"final":[0.5465115442775272,0.5637383683212513],"fmin":8.48657259773027e7,"optimizer":"LN_BOBYQA","returnvalue":"FTOL_REACHED","xtol_zero_abs":0.001,"ftol_zero_abs":1.0e-5,"fitlog":[[[0.5,0.5],8.48700161040565e7],[[0.875,0.5],8.49523934036357e7],[[0.5,0.875],8.487420807125384e7],[[0.125,0.5],8.632954199342318e7],[[0.5,0.125],8.506779189368182e7],[[0.6674653521935351,0.679716640300765],8.488397974713618e7],[[0.6633330695316344,0.40792091226899424],8.488607126688021e7],[[0.584214059503317,0.5411953235449338],8.486780760113077e7],[[0.6215640719884189,0.5445459305590032],8.487313228404537e7],[[0.5787104311680918,0.5041013877177976],8.486764594558933e7],[[0.562705720303105,0.4701882747653101],8.486727478517886e7],[[0.5587618501216126,0.43289623958363177],8.486853191629645e7],[[0.5554340790556479,0.4874708015935342],8.486657098398794e7],[[0.5498158091187909,0.505359276735832],8.486614216376725e7],[[0.5399107593467655,0.5212794679725509],8.486599510947546e7],[[0.5267560161664526,0.5346404272143124],8.486645637233485e7],[[0.535919683412089,0.5191515211752957],8.486612755749013e7],[[0.545108322454829,0.5207192449213313],8.486593519465573e7],[[0.5452215453857757,0.521169275968993],8.486593015316021e7],[[0.5450550824749244,0.5220918789980965],8.486592165617834e7],[[0.544498540666193,0.5238823778713533],8.486590747341453e7],[[0.5433459154262202,0.5274508446368112],8.486588522956884e7],[[0.5404399843326321,0.5343650014530339],8.486587626187634e7],[[0.541255211313744,0.5327178389884233],8.486587270231438e7],[[0.5414458844428914,0.5318861079627163],8.486587546368301e7],[[0.5405771551630514,0.533235885895383],8.486588118999669e7],[[0.5420173967883275,0.5331015133863655],8.48658582745763e7],[[0.5433634261705319,0.534150672986928],8.486583499198624e7],[[0.544876583493657,0.5372101629405498],8.486580463903578e7],[[0.5455796412174093,0.5440003179667942],8.486576774189475e7],[[0.5468731079021424,0.5575918199334247],8.486572995525073e7],[[0.5463823869064253,0.5622393417467194],8.486572622324915e7],[[0.5462449492750264,0.5624388765792363],8.486572625241119e7],[[0.546065534495503,0.5620387686934626],8.486572656915824e7],[[0.5464507515138229,0.5626080574643874],8.48657261080282e7],[[0.5465199930721897,0.5633548543622082],8.486572599180678e7],[[0.5465306171014555,0.5636964269724428],8.486572597812034e7],[[0.5461570551719421,0.5636636171443687],8.486572617286254e7],[[0.5464891056560189,0.5636511267007658],8.48657259787198e7],[[0.5465716966199206,0.5636507346549385],8.486572598395814e7],[[0.5465114352225653,0.5637312982526566],8.486572597730826e7],[[0.5465093559409046,0.5637687405627854],8.48657259774026e7],[[0.5465115442775272,0.5637383683212513],8.48657259773027e7]],"nAGQ":1,"REML":false,"sigma":null}