{"initial":[0.5,0.5],"finitial":6.687168473154802e7,"ftol_rel":1.0e-12,"ftol_abs":1.0e-8,"xtol_rel":0.0,"xtol_abs":[1.0e-10,1.0e-10],"initial_step":[0.1,0.1],"maxfeval":-1,"maxtime":-1.0,"feval":20,"final":[0.5017748430938546,0.5885977444679503],"fmin":6.687091565549937e7,"optimizer":"LN_BOBYQA","returnvalue":"FTOL_REACHED","nAGQ":1,"REML":false,"sigma":null,"fitlog":[[[0.5,0.5],6.687168473154802e7],[[0.6,0.5],6.6880503568558134e7],[[0.5,0.6],6.6870928895959884e7],[[0.4,0.5],6.6888881282941714e7],[[0.5,0.4],6.68759019209618e7],[[0.5161014593623224,0.5718364150620826],6.6871173105925374e7],[[0.51,0.61],6.687102657743825e7],[[0.4987981823188949,0.624971095976376],6.687101626392169e7],[[0.49216576485984376,0.5937851178797389],6.6871031178307384e7],[[0.5019474844491247,0.5901914677795086],6.687091588003676e7],[[0.5018932324421896,0.587651641104844],6.687091573951058e7],[[0.5019247851579766,0.5885112868856098],6.6870915682976246e7],[[0.5015730145589126,0.5875752006472567],6.687091578207105e7],[[0.5028919335094266,0.588257074245705],6.6870917150436245e7],[[0.501045029055884,0.5889867121697828],6.68709163043166e7],[[0.501776210710704,0.5885872573083997],6.6870915655511506e7],[[0.5018204755421092,0.5886769268389029],6.687091565847838e7],[[0.5018720999149859,0.5885588801961049],6.687091566694983e7],[[0.501756525997132,0.5884892138891835],6.687091565675794e7],[[0.5017748430938546,0.5885977444679503],6.687091565549937e7]]}