{"initial":[0.5,0.5],"finitial":8.114079256761003e7,"ftol_rel":1.0e-12,"ftol_abs":1.0e-8,"xtol_rel":0.0,"xtol_abs":[1.0e-10,1.0e-10],"initial_step":[0.375,0.375],"maxfeval":-1,"maxtime":-1.0,"feval":29,"final":[0.5153717870136845,0.5696119401883429],"fmin":8.113988959569836e7,"optimizer":"LN_BOBYQA","returnvalue":"FTOL_REACHED","xtol_zero_abs":0.001,"ftol_zero_abs":1.0e-5,"fitlog":[[[0.5,0.5],8.114079256761003e7],[[0.875,0.5],8.121735762994257e7],[[0.5,0.875],8.114468982956746e7],[[0.125,0.5],8.240024822376865e7],[[0.5,0.125],8.134306521037838e7],[[0.6660093913759599,0.6804113163437573],8.116135484886119e7],[[0.6653681827663318,0.4116279788136479],8.116443737853056e7],[[0.5809835997882186,0.5472304887264745],8.114475394704732e7],[[0.5306751382185121,0.4784295133278087],8.114124790134282e7],[[0.5123252497952091,0.5141297812256842],8.11402493659723e7],[[0.5126220435758162,0.5235000820987509],8.11401325391219e7],[[0.5195242771106053,0.5298443548885379],8.114008198787853e7],[[0.5231326730473744,0.5308651284988495],8.114012892253505e7],[[0.5184549949820505,0.5334386748144144],8.114004086932538e7],[[0.518751116311112,0.5371769648190121],8.114001482914844e7],[[0.5188163243880998,0.5409263978303747],8.113999033130781e7],[[0.5196057508585596,0.5483847358387877],8.113995855530366e7],[[0.5187639142756523,0.5558373401599414],8.11399232401962e7],[[0.5201488275830896,0.570773270500261],8.113991949993691e7],[[0.5126838189703448,0.5714969046700229],8.113989999185789e7],[[0.5157436003211422,0.5759749475697369],8.113989372554207e7],[[0.5156414603640048,0.5722263388372661],8.113989038747796e7],[[0.5155552855663821,0.569712268731015],8.113988962826398e7],[[0.5153177385701182,0.5659698001039499],8.11398907948006e7],[[0.5155959327218336,0.5692227226539059],8.11398896478629e7],[[0.5159206656383498,0.5697966630614456],8.113988995868617e7],[[0.5154342049886017,0.569621991985314],8.11398895957132e7],[[0.5154237382026323,0.5696843417135138],8.113988959714562e7],[[0.5153717870136845,0.5696119401883429],8.113988959569836e7]],"nAGQ":1,"REML":false,"sigma":null}