{"initial":[0.5,0.5],"finitial":7.986094310286321e7,"final":[0.515535035691162,0.5700241462703621],"fmin":7.986003416315898e7,"feval":28,"returnvalue":"FTOL_REACHED","xtol_zero_abs":0.001,"ftol_zero_abs":1.0e-5,"maxfeval":-1,"optimizer":"LN_BOBYQA","backend":"nlopt","ftol_rel":1.0e-12,"ftol_abs":1.0e-8,"xtol_rel":0.0,"xtol_abs":[1.0e-10,1.0e-10],"initial_step":[0.1,0.1],"maxtime":-1.0,"rhobeg":1.0,"rhoend":1.0e-6,"fitlog":[[[0.5,0.5],7.986094310286321e7],[[0.6,0.5],7.986809327249499e7],[[0.5,0.6],7.98604466309638e7],[[0.4,0.5],7.988613772649297e7],[[0.5,0.4],7.986525213420431e7],[[0.5278939083828353,0.5630220107252589],7.986023316226618e7],[[0.5253331483515606,0.5167739369952634],7.986047522074218e7],[[0.5151045175445518,0.556719809652733],7.986005194767489e7],[[0.5159153565156802,0.5628302848047052],7.98600393979872e7],[[0.5079047052320538,0.5688160567693004],7.986011273488958e7],[[0.5151263554889866,0.5622158929266042],7.986004032947609e7],[[0.5167164216440429,0.5622317076082457],7.986004193105178e7],[[0.5155986278602903,0.5637788009926825],7.986003795845254e7],[[0.5153864684090033,0.5657675162481249],7.986003594258761e7],[[0.5149465154760057,0.5697432478055552],7.986003463034923e7],[[0.5148623016537641,0.570739695512233],7.98600348131256e7],[[0.515118885541594,0.5694153763066989],7.986003442872415e7],[[0.5155191060415338,0.5694599643231744],7.986003419412515e7],[[0.5156187503906439,0.5694683906919324],7.986003420170936e7],[[0.5155136923099116,0.5693601109731559],7.986003420616218e7],[[0.5155307531892354,0.5695592837268698],7.98600341839696e7],[[0.5155256842256702,0.5697592194805717],7.986003417008689e7],[[0.5155206982281361,0.5698941248753481],7.9860034165149e7],[[0.5154896607052429,0.5699891862879858],7.986003416622047e7],[[0.5155192029812614,0.5699423619144718],7.98600341642238e7],[[0.5155365252095637,0.5700142578258469],7.986003416316558e7],[[0.5155456124192933,0.570018431866974],7.986003416325869e7],[[0.515535035691162,0.5700241462703621],7.986003416315898e7]],"nAGQ":1,"REML":false,"sigma":null}