{"initial":[0.5,0.5],"finitial":6.272027656798525e7,"ftol_rel":1.0e-12,"ftol_abs":1.0e-8,"xtol_rel":0.0,"xtol_abs":[1.0e-10,1.0e-10],"initial_step":[0.1,0.1],"maxfeval":-1,"maxtime":-1.0,"feval":20,"final":[0.5058240130283006,0.5852919619294726],"fmin":6.2719538376559466e7,"optimizer":"LN_BOBYQA","returnvalue":"FTOL_REACHED","nAGQ":1,"REML":false,"sigma":null,"fitlog":[[[0.5,0.5],6.272027656798525e7],[[0.6,0.5],6.272778174497677e7],[[0.5,0.6],6.271959188450797e7],[[0.4,0.5],6.27375507333844e7],[[0.5,0.4],6.272432768755888e7],[[0.5197119605791372,0.5703385258976196],6.271975942009561e7],[[0.51,0.61],6.271959972327017e7],[[0.501693265706817,0.6249425911093077],6.271966300690204e7],[[0.49292893218813455,0.5929289321881346],6.271973244565958e7],[[0.5055046608175653,0.5916514247153445],6.271954145657653e7],[[0.505831493013508,0.5806702166469804],6.2719539991323926e7],[[0.5060378901397795,0.5853193995880845],6.271953842683607e7],[[0.5059288948730706,0.5863134418567205],6.271953846610381e7],[[0.5070350621571165,0.585394552551035],6.271953998149699e7],[[0.5051730404528697,0.585821430482604],6.271953886382942e7],[[0.5058258671496304,0.5853038504575881],6.271953837657509e7],[[0.5058075033829436,0.5852055510574218],6.27195383774175e7],[[0.5059255870039303,0.5853113304748618],6.271953838792943e7],[[0.5058360193174274,0.5854033337903078],6.2719538377645835e7],[[0.5058240130283006,0.5852919619294726],6.2719538376559466e7]]}