{"initial":[0.5,0.5],"finitial":7.029331123490983e7,"ftol_rel":1.0e-12,"ftol_abs":1.0e-8,"xtol_rel":0.0,"xtol_abs":[1.0e-10,1.0e-10],"initial_step":[0.1,0.1],"maxfeval":-1,"maxtime":-1.0,"feval":26,"final":[0.5339343468379472,0.5817488920157566],"fmin":7.029090188984396e7,"optimizer":"LN_BOBYQA","returnvalue":"FTOL_REACHED","nAGQ":1,"REML":false,"sigma":null,"fitlog":[[[0.5,0.5],7.029331123490983e7],[[0.6,0.5],7.029677691941911e7],[[0.5,0.6],7.029268931567441e7],[[0.4,0.5],7.032817376741993e7],[[0.5,0.4],7.02972888003183e7],[[0.5409578770451935,0.5685335164481556],7.029098374287574e7],[[0.5431929577920209,0.46855849749814416],7.029241648762612e7],[[0.5306953159541138,0.6174689825218721],7.029100557793127e7],[[0.5339350473049602,0.5872980355869217],7.029090420427135e7],[[0.5261792108963589,0.5809855874403614],7.029098794807972e7],[[0.5337203183994956,0.5773003412778744],7.029090349528477e7],[[0.5436585568800553,0.5784100330835233],7.029103190730086e7],[[0.5335432416032755,0.582684574981951],7.029090217635098e7],[[0.533873325206574,0.5806754434612743],7.02909019856962e7],[[0.533787271499684,0.5816717339608428],7.029090192282552e7],[[0.5335299422082207,0.5825832678511488],7.029090217778002e7],[[0.5347832293133232,0.5817615561933414],7.029090288448097e7],[[0.5340196539208565,0.5812583323699789],7.029090191795383e7],[[0.5337698050500037,0.5812496408952137],7.029090194976932e7],[[0.5339251322418531,0.5814897749161937],7.029090189556861e7],[[0.5339389951618966,0.5815133894122413],7.02909018943607e7],[[0.5339438449942452,0.5815679401136947],7.029090189257689e7],[[0.5339421081342458,0.5816774580708012],7.029090189029919e7],[[0.5339310783143487,0.581785545122303],7.029090188996384e7],[[0.5339333127818872,0.5817598879579614],7.029090188985614e7],[[0.5339343468379472,0.5817488920157566],7.029090188984396e7]]}