{"initial":[0.5,0.5],"finitial":6.801759005734554e7,"final":[0.5099090574450856,0.5789330104421595],"fmin":6.80167906059002e7,"feval":20,"returnvalue":"FTOL_REACHED","xtol_zero_abs":0.001,"ftol_zero_abs":1.0e-5,"maxfeval":-1,"optimizer":"LN_BOBYQA","backend":"nlopt","ftol_rel":1.0e-12,"ftol_abs":1.0e-8,"xtol_rel":0.0,"xtol_abs":[1.0e-10,1.0e-10],"initial_step":[0.1,0.1],"maxtime":-1.0,"rhobeg":1.0,"rhoend":1.0e-6,"fitlog":[[[0.5,0.5],6.801759005734554e7],[[0.6,0.5],6.802185188311511e7],[[0.5,0.6],6.801689962626882e7],[[0.4,0.5],6.802982115136276e7],[[0.5,0.4],6.802224070888643e7],[[0.5241596647248269,0.5674341575921598],6.801693784680751e7],[[0.5007655922630266,0.6141213975401443],6.801695446670061e7],[[0.5100591901536335,0.5771130453434049],6.80167909296845e7],[[0.51046368035349,0.5700407681237855],6.801679831938402e7],[[0.5018693752243985,0.5713748460243783],6.80168417955972e7],[[0.5066199548418729,0.5865030219392404],6.801680337692338e7],[[0.5096033443797209,0.5738364359007703],6.801679310418428e7],[[0.5114692376107529,0.5761451565682804],6.801679301256248e7],[[0.5095625352871798,0.5778852695725888],6.801679078993578e7],[[0.5103258811288026,0.5785312596081754],6.801679074163862e7],[[0.5099075182946197,0.5789515857458918],6.801679060593499e7],[[0.5098081711539083,0.5789401776070219],6.801679061280888e7],[[0.5099134543384931,0.579051409407331],6.801679060722008e7],[[0.5098767363982922,0.5788564412512613],6.801679060711424e7],[[0.5099090574450856,0.5789330104421595],6.80167906059002e7]],"nAGQ":1,"REML":false,"sigma":null}